-- phpMyAdmin SQL Dump
-- version 3.3.3-rc1
-- http://www.phpmyadmin.net
--
-- 主机: localhost
-- 生成日期: 2010 年 05 月 20 日 03:23
-- 服务器版本: 5.1.41
-- PHP 版本: 5.3.1

SET SQL_MODE="NO_AUTO_VALUE_ON_ZERO";


/*!40101 SET @OLD_CHARACTER_SET_CLIENT=@@CHARACTER_SET_CLIENT */;
/*!40101 SET @OLD_CHARACTER_SET_RESULTS=@@CHARACTER_SET_RESULTS */;
/*!40101 SET @OLD_COLLATION_CONNECTION=@@COLLATION_CONNECTION */;
/*!40101 SET NAMES utf8 */;

--
-- 数据库: `lxitdev`
--

-- --------------------------------------------------------

--
-- 表的结构 `all`
--

CREATE TABLE IF NOT EXISTS `all` (
  `B` varchar(6) NOT NULL DEFAULT '',
  `C` varchar(9) DEFAULT NULL,
  `D` varchar(6) DEFAULT NULL,
  `E` varchar(12) DEFAULT NULL,
  `F` varchar(6) DEFAULT NULL,
  `G` varchar(6) DEFAULT NULL,
  `H` varchar(12) DEFAULT NULL,
  `I` varchar(12) DEFAULT NULL,
  `J` varchar(21) DEFAULT NULL,
  `K` varchar(18) DEFAULT NULL,
  `L` varchar(66) DEFAULT NULL,
  `M` varchar(12) DEFAULT NULL,
  PRIMARY KEY (`B`)
) ENGINE=MyISAM DEFAULT CHARSET=utf8;

--
-- 转存表中的数据 `all`
--

INSERT INTO `all` (`B`, `C`, `D`, `E`, `F`, `G`, `H`, `I`, `J`, `K`, `L`, `M`) VALUES
('Lxit04', '朴建浩', '男', '吉林', '汉', '本科', '0', '0755-2952282', '13682443936', '0', '深圳宝安观澜环观中路20号', '0'),
('090101', '杨照', '男', '湖南长沙', '汉', '中专', '33572', '13480638784', NULL, '430124199111300812', '湖南省长沙市宁乡县龙田镇百花村', '39897'),
('090102', '钱志文', '男', '湖南永州', '汉', '大专', '33184', NULL, '                     ', '431121199011076932', '湖南省永州市祁阳县大村甸镇五塘冲村8组', '39904'),
('090103', '兰丽', '女', '四川', '汉', '高中', '31510', '15019401964', NULL, '513901198404085341', '四川省资阳市雁江区南津镇刘家村七组', '39911'),
('090104', '朱江南', '男', '湖南永州', '汉', '高中', '32346', '15116570769', '13751220328', '431103198807227831', '湖南省永州市冷水滩区', '39926'),
('090105', '文亚明', '男', '湖南永州', '汉', '高中', '33095', '13640658346', NULL, '431103199008103618', '湖南省永州市冷水滩区伊塘镇鼎星观六组', '39981'),
('090106', '周芳鹏', '男', '湖南永州', '汉', '高中', '32798', '13874619438', NULL, '431103198910178732', '湖南省永州市冷水滩区杨村甸乡堆子头村石板塘组', '39981'),
('090107', '邓亮', '男', '湖南永州', '汉', '高中', '33148', '13554840606', '13874614347', '431103199010024257', '湖南省永州市冷水滩区蔡市镇邓家铺村委会148号', '39981'),
('090108', '吕简荣', '男', '湖南永州', '汉', '高中', '32428', '13607461100', '13874673015', '431103198810126978', '湖南省永州市冷水滩区普利桥镇歧山村', '39981'),
('090109', '贺善云', '男', '湖南永州', '汉', '高中', '32444', '0746-6619076', NULL, '431102198810283870', '湖南省永州市零陵区邮亭圩镇', '39981'),
('090110', '谢小星', '男', '湖南永州', '汉', '高中', '33129', '13874602386', NULL, '431103199009130052', '湖南省永州市冷水滩区仁湾镇台头村185号', '39981'),
('090111', '李辉', '男', '湖南永州', '汉', '高中', '33561', '13874614475', NULL, '431103199111192436', '湖南省永州市冷水滩区上岭桥镇双水村12组', '39981'),
('090112', '唐特', '男', '湖南永州', '汉', '高中', '32704', NULL, '13028891735', '431103198908152419', '湖南省永州市冷水滩区上岭桥镇', '39981'),
('090113', '周耀', '男', '湖南永州', '汉', '高中', '33018', '15116697958', NULL, '431103199005251631', '湖南省永州市冷水滩区四丘田平冶塘', '39981'),
('090114', '吕海', '男', '湖南永州', '汉', '高中', '33220', '15907484466', NULL, '431103199012136914', '湖南省永州市冷水滩区普利桥八井村上三组', '39981'),
('090115', '何雪彦', '女', '湖南永州', '汉', '高中', '32837', '13807430107', '13187107660', '431103198911251620', '湖南省永州市冷水滩区珊瑚乡四丘田村平治塘组', '39981'),
('090116', '黎曦', '男', '湖南永州', '汉', '高中', '33146', '15574668790', NULL, '500233199009302610', '湖南省永州市岗角山镇', '39981'),
('090117', '周顺龙', '男', '湖南永州', '汉', '高中', '33095', '07468661108', '13972491782', '431103199008108734', '湖南省永州市冷水滩区杨村甸乡洛江路1号', '39981'),
('090118', '王海', '男', '湖南永州', '汉', '高中', '32983', '13537039722', NULL, '431103199004205131', '湖南省永州市冷水滩区马坪开发区二皇庙村', '39981'),
('090119', '王锡勇', '男', '湖南永州', '汉', '高中', '33074', '13670213176', NULL, '431103199007206857', '湖南省永州市普里镇邪杉木桥双合村8组', '39981'),
('090120', '蒋启云', '女', '湖南永州', '汉', '高中', '33345', '13574621278', NULL, '431103199104172429', '湖南省永州市冷水滩区上岭桥镇彦参塘村四组', '39981'),
('090121', '李金宏', '男', '湖南永州', '汉', '高中', '33120', '7468718371', NULL, '431103199009044218', '湖南省永州市冷水滩区蔡市镇樟兜庙村虎三组', '39981'),
('090122', '欧芝誉', '男', '湖南永州', '汉', '高中', '33344', '13974618260', '15116689445', '431103199004165117', '湖南省永州市冷水滩区马坪开发区', '39981'),
('090123', '周振国', '男', '湖南邵阳', '汉', '高中', '33193', '13530227936', NULL, '430525199011166133', '湖南省洞口县石江镇大塘村合塘组', '39981'),
('090124', '王娟', '女', '湖南永州', '汉', '高中', '33636', '8712082', '13378963029', '500233199202022644', '湖南省永州市岚角山镇新田前八组', '39981'),
('090125', '李赛', '女', '湖南永州', '汉', '高中', '33341', NULL, '15889676957', '431103199104132427', '湖南省永州市冷水滩区上岭桥镇双水村', '39981'),
('090126', '李亚丹', '女', '湖南永州', '汉', '高中', '33765', '13135228278', '15889676879', '431103199206102421', '湖南省永州市上岭桥镇双水村', '39983'),
('090127', '蒋蓉', '女', '湖南永州', '汉', '高中', '33194', '0746-8450017', '15118090455', '431103199011170029', '湖南省永州市冷水滩区中泰公司', '39992'),
('090128', '周美玲', '女', '湖南永州', '汉', '高中', '33470', '13049835099', '13974669089', '431124199108200345', '深圳市布吉中海怡翠山庄第十三栋', '39997'),
('090301', '周云霞', '女', '湖南', '汉', '高中', '32911', '13434044677', NULL, '431103199002075724', '湖南省永州市冷水滩区黄阳司镇郝皮桥乡专冲组曹门口组', '40001'),
('090201', '肖黎', '男', '湖南东安', '汉', '高中', '33072', '15907464950', NULL, '431122199007187636', '湖南省东安县大盛镇斗山村2组', '39981'),
('090202', '钟国林', '男', '湖南永州', '汉', '高中', '33039', '13637466522', NULL, '431103199006155713', '湖南省永州市黄阳司镇田坝塘村新划组', '39981'),
('090203', '唐任贤', '男', '湖南永州', '汉', '高中', '33192', '7468450086', '15012706979', '431103199011151813', '湖南省永州市冷水滩区横冲村', '39981'),
('090204', '张文军', '男', '湖南永州', '汉', '高中', '33141', '15111664186', NULL, '431103199009253618', '湖南省永州市冷水滩区伊塘镇双江村7组', '39981'),
('090205', '王科', '男', '湖南永州', '汉', '高中', '33048', '15200981706', NULL, '431103199006242438', '湖南省永州市冷水滩区上岭桥镇龙塘村委会', '39981'),
('090206', '柏纬剑', '男', '湖南永州', '汉', '高中', '33204', '13874770830', NULL, '43112119901127471X', '湖南省祁阳县潘江市镇双江村7组', '39981'),
('090207', '刘孟迪', '男', '湖南永州', '汉', '高中', '32902', '0746-8682168', NULL, '431103199001293615', '湖南省永州市冷水滩区伊塘镇新圩村刘家组', '39981'),
('090208', '肖伟峰', '男', '湖南永州', '汉', '高中', '33151', '13469376002', NULL, '431103199010050017', '湖南省永州市冷水滩区零陵本路784号', '39981'),
('090209', '刘志军', '男', '湖南永州', '汉', '高中', '33384', NULL, NULL, '431103199105260615', '湖南省永州市冷水滩区江湾镇刘家村双坝塘组30号', '39981'),
('090210', '潘香枚', '女', '湖南永州', '汉', '高中', '32807', '13874706881', NULL, '431103198910266943', '湖南省永州市冷水滩区普利桥镇石子塘村新岭组', '39981'),
('090211', '严根花', '男', '湖南永州', '汉', '高中', '32796', NULL, '15974061383', '431103198910151855', '湖南省永州市冷水滩区仁湾镇龙江桥村69号', '39981'),
('090212', '胡建军', '男', '湖南永州', '汉', '高中', '33154', '13037499928', '15807469037', '43110319901008361X', '湖南省永州市冷水滩区伊塘镇新圩村', '39981'),
('090213', '钟勇波', '男', '湖南永州', '汉', '高中', '33169', '0746-8795761', NULL, '431103199010234211', '湖南省永州市冷水滩区蔡市镇巴洲滩村143号', '39981'),
('090214', '赵承刚', '男', '湖南永州', '汉', '高中', '32729', '15857237275', NULL, '431103198908098717', '湖南省永州市冷水滩区善利桥镇杨村甸乡黄茶元村', '39981'),
('090215', '吕美红', '女', '湖南永州', '汉', '高中', '32917', '15807489900', NULL, '431103199002137825', '湖南省永州市冷水滩区花桥街镇新铺村五组105号', '39981'),
('090216', '陈衡', '女', '湖南永州', '汉', '高中', '32982', '13762990922', NULL, '431103199004192422', '湖南省永州市冷水滩区上岭桥镇八宝岭村', '39981'),
('090217', '彭亮', '男', '湖南永州', '汉', '高中', '33031', '07468799442', '15074664197', '431103199006075115', '湖南省永州市冷水滩马坪开发区二皇庙村', '39981'),
('090218', '王伟', '女', '湖南永州', '汉', '高中', '33155', '13135273116', NULL, '431103199010094220', '湖南省永州市冷水滩区蔡市镇老埠头村120号', '39981'),
('090219', '周明', '男', '湖南永州', '汉', '高中', '33286', '27204379', '13164714579', '431124199102176356', '湖南省道县蚣坝镇沿河塘村4组', '39996'),
('090220', '陈斌', '男', '湖南永州', '汉', '高中', '33199', '15874611756', NULL, '431103199011223311', '湖南省永州市冷水滩区竹山桥镇大坝头村拱桥组', '39991'),
('090221', '蒋玉龙', '男', '湖南永州', '汉', '高中', '33020', '13423770746', NULL, '431103199005275115', '湖南省永州市冷水滩区高溪市镇排山塘村庙湾组', '39981'),
('090222', '蒋玉纲', '男', '湖南永州', '汉', '高中', '33280', '13974618327', NULL, '431103199102112430', '湖南省永州市冷水滩区上岭桥镇龙庆塘村', '39981'),
('090223', '唐丰', '男', '湖南永州', '汉', NULL, NULL, NULL, NULL, '431122199012056112', '湖南省东安县芦洪市镇犁头嘴村6组', '39981'),
('090224', '艾保荣', '男', '湖南永州', '汉', '高中', '32895', '13974677017', NULL, '431103199001228418', '湖南省永州市冷水滩区牛角坝长冲村老屋组', '39991'),
('090225', '周伟兴', '男', '湖南永州', '汉', '高中', '33120', '13652440441', NULL, '430525199009046159', '湖南省邵阳市洞口县石江镇大塘村大塘组3号', '39996'),
('090226', '张春雪', '女', '湖南永州', '汉', '高中', '33323', '07467468458', '13423901947', '431126199103263227', '湖南省永州市宁远县冷水镇新张家村8组', '39993'),
('090227', '明珍珠', '女', '湖南永州', '汉', '高中', '32735', '13100260737', '15817412204', '431103198908155144', '湖南省永州市冷水滩区高溪市镇香馥坝村84号', '39991'),
('090228', '屈慧慧', '女', '湖南永州', '汉', '高中', '33199', '13874619587', NULL, '431103199011223629', '湖南省永州市冷水滩区伊塘镇柏树脚组205号', '39981'),
('090229', '尹忠亮', '男', '湖南永州', '汉', '高中', '32790', '15111699638', NULL, '431103198910093616', '湖南省永州市冷水滩区伊塘镇小塘村392号', '39981'),
('090230', '张海华', '男', '湖南永州', '汉', '高中', '32799', '13874685125', NULL, '431122198910185819', '湖南省永州市东安县鹿马镇金江水库', '39981'),
('090231', '王杰', '男', '湖南永州', '汉', '高中', '33276', '15869976038', NULL, '431103199102071835', '湖南省永州市冷水滩区仁湾镇金木塘村', '39981'),
('090302', '唐亚国', '男', '湖南', '汉', '高中', '33211', '8721018', '13530733400', '431103199012042715', '湖南省永州市冷水滩区岚角山镇武塘村11组219号', '40001'),
('090303', '吕枚', '女', '湖南', '汉', '高中', '33075', NULL, '13787603631', '431103199007216944', '湖南省永州市冷水滩区普里桥镇关草村八组', '40001'),
('090304', '谌志勇', '男 ', '湖南', '汉', '高中', '33702', '13187102479', '15118087611', '431103199204086915', '湖南省永州市冷水滩区普里桥镇小水村下澎家组370号', '40001'),
('090305', '吕涛', '男', '湖南', '汉', '高中', '33461', '15074629645', '15074629645', '431101199108117814', '湖南省永州市冷水滩区花桥街镇石垻村六组57号', '40001'),
('090306', '许龙', '男', '湖南', '汉', '高中', '33181', '07468747051', '15118087610', '431103199011044217', '湖南省永州市冷水滩区蔡市大园山村84号', '40001'),
('090307', '李文龙', '男', '湖南', '汉', '高中', '33062', '07468547229', NULL, '431103199007082413', '湖南省永州市冷水滩区上岭桥镇双水村一组', '40001'),
('090308', '王振', '男', '湖南', '汉', '高中', '33333', '13874753902', NULL, '431121199104056535', '湖南省祁阳县七里桥镇曾家湾10组', '40001'),
('090309', '艾文华', '男', '湖南', '汉', '高中', '33438', '13874708529', '13874708529', '431103199107195116', '湖南省永州市冷水滩区高溪市镇香馥坝村', '40001'),
('090310', '周柏青', '男', '湖南', '汉', '高中', '33284', '07468667013', '13874758107', '431103199102157815', '湖南省永州市冷水滩区花桥街镇枫木井村96号', NULL),
('090311', '杨博', '男', '湖南', '汉', '高中', '32883', '15869975178', '13423834606', '431103199001106912', '湖南省永州市冷水滩区普里桥镇普利街利街38号', NULL),
('090312', '杨纯俊', '男', '湖南', '汉', '高中', '32817', NULL, NULL, '431122198911055119', '湖南省永州市东安县鹿马桥镇金江村4组', NULL),
('090313', '欧道伟', '男', '湖南', '汉', '高中', '32871', '0746-8647836', '13690189015', '431103198912295115', '湖南省永州市冷水滩高溪市镇欧家村3号', NULL),
('090314', '李亦成', '女', '湖南', '汉', '高中', '33400', '13874702948', '13714558755', '431103199106212420', '湖南省永州市冷水滩上岭镇东村村', NULL),
('090315', '左丹娜', '女', '湖南', '汉', '高中', '33308', '0746-8442286', '15116500870', '431103199103110621', '湖南省永州市冷水滩区狮岩路28号', NULL),
('090316', '伍学军', '男', '湖南', '汉', '高中', '33095', '13790013850', '15813473124', '431103199008108435', '湖南省永州市冷水滩牛角坝镇湘山街180号', NULL),
('090317', '唐培兴', '男', '广西', '汉', '高中', '33144', '13787649376', '15112425824', '450324199009284612', '广西省桂林市全州县石塘镇沛田村委沛田村01-111号', NULL),
('090318', '周杰', '男', '湖南', '汉', '高中', '33251', '0757-8035508', '13874691035', '431103199101136916', '湖南省永州市冷水滩区普利桥镇长冲村周家组', NULL),
('090319', '唐娟', '女', '湖南', '汉', '高中', '33277', '0746-8213449', '13874623866', '430426199102230963', '湖南省祁东县白鹤铺镇唐家下唐组', NULL),
('090320', '曾艳华', '女', '湖南', '汉', '高中', '32209', '13762978266', '13762978266', '431103198803073329', '湖南省永州市冷水滩区竹山桥镇群勇村', NULL),
('090321', '龚如艳', '女', '湖南', '汉', '高中', '33209', '13874772514', NULL, '43110319901202332X', '湖南省永州市冷水滩区竹山桥镇渲溪村老屋组209号', NULL),
('090322', '柏阳辉', '男', '湖南', '汉', '高中', '33215', NULL, NULL, '431124199012087915', '湖南省永州市道县乐福堂乡龙村5组', NULL),
('090323', '李波', '男', '湖南', '汉', '高中', '33195', '13524180569', '13564766359', '431103199011188712', '湖南省永州市冷水滩区杨村甸乡贯子头村', NULL),
('090324', '郭涌', '男', '湖南', '汉', '高中', '33343', NULL, '15112421319', '431103199104154212', '湖南省永州市冷水滩区蔡市镇虾塘村', NULL),
('090325', '阳斌', '男', '湖南', '汉', '高中', '33448', NULL, '13410854618', '431103199107297817', '湖南省永州市冷水滩区花桥街镇江西佃村下青组374号', NULL),
('090326', '黄海涛', '男', '江西', '汉', '高中', '33239', NULL, NULL, '360735199101011616', '江西省赣州市石城县琴江镇濯坑村岭子组108号', NULL),
('090327', '唐云辉', '男', '湖南', '汉', '高中', '32661', '13574661503', '13117465564', '431102198906026254', '湖南省永州市零陵区石岩头镇西头村七组', NULL),
('090328', '雷轩', '男', '湖南', '汉', '高中', '32947', '0746-4412440', '13535263750', '431122199003157114', '湖南省永州市东安县花桥镇花山居委会1组', NULL),
('090329', '欧山青', '男', '湖南', '汉', '高中', '32737', '15807492029', NULL, '431126198908170058', '湖南省永州市宁远县欧家村9组', NULL),
('090330', '黎明', '男', '湖南', '汉', '高中', '32002', '0746-8712005', NULL, '500233198708132619', '湖南省永州市冷水滩区岚角山镇长塘角村七组27号', NULL),
('090501', '陶建', '男', '湖南', '汉', '高中', '33320', '13874398572', '13026683537', '431103199103235715', '湖南省永州市冷水滩区沿江路169号', '40021'),
('090502', '何文辉', '男', '湖南', '汉', '高中', '33521', '0746-8229827', '13787646531', '431103199110101619', '湖南省永州市冷水滩区珊瑚乡四丘田村鲁塘组', '40020'),
('090503', '郑萍玲', '女', '广东', '汉', '高中', '32576', '0754-8221201', '13417445460', '440582198903092066', '广东省汕头市潮南区陇田镇', '40021'),
('090504', '蒋长春', '男', '湖南', '汉', '高中', '32872', '13607464948', NULL, '431122198912303858', '湖南省永州市东安县井头镇', '40020'),
('090505', '刘欢', '男', '湖南', '汉', '高中', '32803', NULL, NULL, '431103198910228736', '湖南省永州市冷水滩区仁湾镇', '40025'),
('090506', '黎平', '女', '湖南', '汉', '高中', '32280', '0746-8712065', '13670041799', '500233198805172620', '湖南省永州市冷水滩区岚角山', '25009-7-24'),
('090507', '周志成', '男', '湖南', '汉', '高中', '33410', '15974060266', NULL, '431103199106212412', '湖南省永州市冷水滩', '25009-7-24'),
('090508', '彭安军', '男', '湖南', '汉', '高中', '32509', '13467976456', '15876474210', '431124198901016311', '湖南省永州市道县蚣坝后江桥', '40028'),
('090509', '熊江良', '男', '湖南', '汉', '高中', '33240', '13874702543', NULL, '431103199101025116', '湖南省永州市冷水滩湖塘东路158号', '40027'),
('090510', '蒋丽云', '女', '湖南', '汉', '高中', '33093', '0746-8796609', NULL, '431103198708108423', '湖南省永州市冷水滩区牛角坝蒋家组281号', '40027'),
('090511', '周润伍', '男', '湖南', '汉', '高中', '32994', '13974623226', NULL, '430426199005017212', '湖南省祁东县步云桥镇鳌鱼村8组', '40027'),
('090512', '刘冰', '女', '湖南', '汉', '高中', '33406', '13762992160', '150141007950.:', '431103199106175121', '湖南省永州市冷水滩区高溪市镇普口村井塘冲组236号', '40027'),
('090513', '雷超', '男', '湖南', '汉', '高中', '32994', '13874695270', '13423798702', '431126199005019036', '湖南省宁远县禾亭镇禾亭村10组', '40027'),
('090514', '梁博', '男', '湖南', '汉', '高中', '33086', '13973480927', '15907491739', '431103199008012732', '湖南永州市冷水滩区岚角山镇进贤村', '40035'),
('090515', '曾凡', '男', '湖南', '汉', '高中', '32206', '15111600455', NULL, '431103198803043613', '湖南省永州市冷水滩区伊塘镇曾家村杨塘组', '40036'),
('090516', '曾媛', '女', '湖南', '汉', '高中', '33265', '15111600455', NULL, '43110319910127362X', '湖南省永州市冷水滩区伊塘镇曾家村杨塘组', '40036'),
('090517', '李文艳', '女', '湖南', '汉', '高中', '33213', '0746-8547095', NULL, '431103199012062425', '湖南省永州市冷水滩区上玲桥镇双水村', '40036'),
('090518', '刘珍', '女', '湖南', '汉', '高中', '33209', '15897495719', '13243676470', '431103199012020022', '湖南省永州市冷水滩区下河线120号', '40036'),
('090519', '吴昊', '男', '湖南', '汉', '高中', '33442', '15211638485', '15112501481', '431102199107233016', '湖南省永州市零陵区芝麻坪路6号', '40038'),
('090520', '魏文俊', '男', '湖南永州', '汉', '高中', '32825', '15869967593', NULL, '43110319891113335X', '湖南省永州市冷水滩区竹山桥镇青山村', '39991'),
('090521', '阳砖', '男', '湖南永州', '汉', '高中', '33507', '13690418086', '15088038013', '431103199109266934', '湖南省永州市冷水滩区普利桥镇企塘冲村', '40041'),
('090522', '蒋真伟', '男', '湖南永州', '汉', '高中', '32580', '15088199758', '13657462427', '431124198903136317', '湖南省永州市道县蚣坝镇洪家垒村5组', '40044'),
('090523', '郭祚武', '男', '湖南永州', '汉', '高中', '33131', '13349667472', NULL, '431103199009156914', '湖南省永州市冷水滩区普利桥镇小里桥村上升组471号', '40041'),
('090524', '钟香月', '女', '湖南永州', '汉', '高中', '33130', '0746-8517319', NULL, '431103199009145748', '湖南永州冷水滩黄阳司水口桥镇田坝塘村庙边院组', '40038'),
('090525', '刘玉茹', '女', '湖南永州', '汉', '高中', '33202', '0755-2983181', '13822944412', '445221199011251666', '广东省揭东县霖磐镇居委', '40042'),
('090526', '马琛', '男', '湖南永州', '汉', '高中', '32885', '15274658263', '13530845877', '43110319900112335X', '湖南省永州市冷水滩区竹山桥镇沿河村161号', '40042'),
('090527', '陈璐娜', '女', '湖南永州', '汉', '高中', '33451', NULL, NULL, '431126199108016225', '湖南省宁远县中和镇坝眼村5组', '40046'),
('090528', '乐平', '男', '湖南永州', '汉', '高中', '33163', '13874369061', '15074661286', '431126199010170013', '湖南省宁远县舜陵镇乐家村1组', '40047'),
('090529', '蒋慧鑫', '男', '湖南', '汉', '高中', '33041', '07468328209', '15111664293', '43110319900617093X', '湖南省永州市冷水滩区百业街94号', NULL),
('090530', '唐启亮', '男', '湖南永州', '汉', '高中', NULL, NULL, NULL, '431103198910071839', '湖南永州冷水滩区仁湾镇横冲村433号', '40047'),
('090601', '彭婷', '女', '湖南永州', '汉', '高中', '33380', NULL, '13537559217', '431103199105222424', '湖南省永州市冷水滩区上岭桥镇石江桥村', '40048'),
('090602', '李红', '女', '湖南永州', '汉', '高中', '33426', NULL, '15012837805', '431126199107070844', '湖南省宁远县舜陵镇振兴路23号', '40050'),
('090603', '罗丹', '女', '湖南永州', '汉', '高中', '33465', NULL, '13651479023', '431103199108155722', '湖南省永州市冷水滩区黄阳司镇大湾村凫鸭塘组', '40052'),
('090604', '申洋洋', '女', '湖南永州', '汉', '高中', '33239', NULL, '13570845360', '431122199101017641', '湖南省东安县井头圩镇齐心村4组', '40052'),
('090605', '何安', '男', '湖南永州', '汉', '高中', '32794', NULL, '13432957735', '431103198910131811', '湖南省永州市冷水滩区仁湾镇横冲村黄子塘组', '40053'),
('090606', '卢丽', '女', '江西九江', '汉', '高中', '33321', '13760290811', '13751063851', '36042419910324432X', '江西省九江市修水县港口镇坳上村八组', '40053'),
('090607', '李保平', '男', '湖南永州', '汉', '高中', '32671', NULL, '13590438640', '431122198906125135', '湖南省东安县鹿马桥镇李家湾村2组', '40054'),
('090608', '唐红艳', '女', '湖南永州', '汉', '高中', '33517', '15211616258', '15013759947', '431103199110064248', '湖南省永州市冷水滩区蔡市镇三龙塘村', '40056'),
('090609', '许双飞', '女', '江西九江', '汉', '高中', '33275', NULL, '13530767431', '360424199102065522', '江西省九江市修水县何市镇下田铺村关山嘴五组126号', '40056'),
('090610', '吕连云', '女', '湖南永州', '汉', '高中', '33039', '07468796972', '13787647544', '431103199006156943', '湖南省永州市冷水滩区普里桥镇八井村邓家组9号', '40058'),
('090611', '王欣', '男', '湖南永州', '汉', '高中', '33535', NULL, '13428850246', '43110319911024031X', '湖南省永州市冷水滩区肉食品厂3栋', '40057'),
('090612', '冯家珍', '女', '湖南永州', '汉', '高中', '32834', '07468521163', '15919408160', '431103198911226927', '湖南省永州市冷水滩区普里桥镇宽公村庙山组', '40063'),
('090613', '周婷', '女', '湖南永州', '汉', '高中', '33148', '13467974578', '13549696312', '43112219901002386X', '湖南省东安县井头圩镇井北路16号', '40060'),
('090614', '张仕明', '男', '湖南永州', '汉', '高中', '33118', NULL, '15074691811', '431103199009023353', '湖南省永州市冷水滩区竹山桥镇竹山桥村朱上组', '40071'),
('090615', '陈志文', '男', '湖南永州', '汉', '高中', '33040', '13174268582', '13480750332', '431103199006163633', '湖南省永州市冷水滩区伊塘镇孟公山村皮里组212号', '40059'),
('090616', '张帆', '男', '广东潮州', '汉', '高中', '33010', NULL, '13420984331', '445102199005176351', '广东省潮州市湘桥区意溪镇橡埔村会馆顶路19号', '40061'),
('090617', '宋亚平', '男', '湖南永州', '汉', '高中', '31267', NULL, '13414428841', '431128198508085519', '湖南省新田县三井乡车头水村4组', '40071'),
('090618', '邓佩培', '男', '湖南永州', '汉', '高中', '33370', '15307465026', '13927488192', '431103199105122714', '湖南省永州市冷水滩区岚角山镇粮站宿舍', '40071'),
('090619', '肖绍丽', '女', '湖南永州', '汉', '高中', '32984', '07467691381', '15118140640', '431126199004215027', '湖南省宁远县禾亭镇永佳村6组', '40065'),
('090620', '王刚', '男', '广东深圳', '汉', '高中', '31659', NULL, NULL, '330283198609040016', NULL, NULL),
('090621', '秦时雨', '男', '湖南永州', '汉', '高中', '33198', NULL, '无', '431102199011215112', '湖南省永州市零陵区黄田铺镇', NULL),
('090622', '魏书光', '男', '湖南永州', '汉', '高中', '30932', NULL, '13537653897', '431124198409070017', '湖南省永州市道县道江镇民生街', NULL),
('090623', '刘竹军', '男', '湖南', '汉', '高中', '32969', '13874362956', NULL, '431103199004065116', '湖南省永州市冷水滩区马坪开发区马坪村394组', '40001'),
('100101', '李小乙', '男', '湖南', '汉', '高中', '92.11.05', '13549299807', '15814320608', '431103199211052430', '广东省东莞市企石镇东平村', '3月3日'),
('100102', '苏和平', '男', '山西', '汉', '本科', '1984.07.19', '13546094126', '13713996846', '140624198407193512', '山西省朔州怀仁金沙滩田庄村', '3月2日'),
('100103', '柏阳辉', '男', ' 湖南', '汗', '高中', '1990.12.08', '无', '13129850872', '431124199012087915', '湖南省永州市道县乐福堂乡龙村5组', NULL),
('100104', '邓旭', '男', '湖南', '汉', '高中', '1992.5.21', '13789221877', '13874750949', '431103199205213613', '湖南省永州市冷水滩区伊塘镇长木塘村', '3月2日'),
('100105', '胡翔   ', '男', '湖南 ', '汉 ', '中专', '1991.7.28', '18797713261', '13714571352', '431103199107282412', '湖南省永州市冷水滩区副食加工厂', '3月2号'),
('100106', '李强', '男', '湖南', '汉', '高中', '90.9.23', NULL, '13410196263', '431124199009234216', '广东深圳宝安区福永镇桥头村', '3月2日'),
('100107', '刘升', '男 ', '湖南', '男 ', '高中  ', '1991.7.8', '13787639853', '13554928527', '431103199107083317', '湖南省永州市竹山桥镇刘家村', '3月2日'),
('100108', '汤眺升', '男', '永州', '汉', '高中', '1990.11.26', '0746-8445067', '13410051457', '431103199011261318', '湖南省永州市冷水滩区通化街235号', '3月3日'),
('100109', '唐飞', '男', '湖南', '汉', '高中', '1989.1.17', '15958322593', '13510587541', '431103198901172435', '湖南省永州市冷水滩区上岭桥镇湾里村', '3月2日'),
('100110', '夏立波', '男', '湖南', '汉', '高中', '1989.12', '0737-7333901', NULL, '430923198912223216', '湖南省安化县羊角塘镇铁炉村尾山组', '3月2日'),
('100111', '杨勇辉', '男', '湖南', '汉', '高中', '1990.8.21', '13714236034', NULL, '4.31102199008217E+', '湖南省永州市零陵区水口山', '3月11日'),
('100112', '周小桃', '男 ', '湖南', '汉', '高中', '1989.1.4', '0746-5488099', '13178745889', '43112419890104817x', ' 湖南省永州市道县寿雁', '3月2日'),
('100113', '周玉军     ', '男 ', '湖南 ', '汉', '高中', '1989.10.17', '15897495617', '13691810615', '431103198910178759', '湖南省永州市冷水滩区杨村甸乡堆子头村', '3月3日'),
('100114', '魏双军', '男', '永州', '汉', '本科', '1985.12.12', '15874632049', '13590106246', '431103198512125715', '湖南省永州市冷水滩区黄阳司镇八亩丘村罗壳塘组', '3月3日'),
('100115', '阳飞华', '男', '湖南', '汉', '高中', '1992.10.5', '15967570147', '13537749082', '431103199210055111', '湖南永州冷水滩高溪市、', '3月1日'),
('100116', '李梦利 ', '男', '湖南', '汉', '高中', '89.11.18', NULL, '13974606614', '431103198911093319', '湖南省永州市冷水滩区竹山桥镇大塘村六组', '3月2日'),
('100117', '朱哲', '男', '湖南', '汉', '高中', '1993.3.21', '0736-2369278', '13077894641', '430772199303215891', '湖南省常德市汉寿县东岳庙乡燕窝村', '3月2日'),
('100118', '唐建南', '男', '永州', '汉', '本科', '1985.1.7', NULL, '13528845091', '431103198501075118', '湖南永州冷水滩菱角山二巷', '3月15日'),
('100119', '王博文', '男', '湖南', '汉', '高中', '1990.8.15', '13707460108', '15118072011', '43110319900815161X', '湖南永州冷水滩L零陵北路', '3月14日'),
('100120', '曾盼', '女', '湖南', '汉', '高中', '1991.12.18', '15919888278', '13534054451', '430525199112184525', '湖南省邵阳市洞口县', '3月10日'),
('100121', '伍元平', '男', '湖南', '汉', '高中', '1991-10-16', '0746-8211500', '0', '431103199110165110', '湖南省永州市冷水滩区珊瑚市场建材市场', '3月18日'),
('Lxit01', '罗涛', '男', '湖南', '汉', '本科', '0', '0755-2952282', '13823265866', '432902198112235737', '深圳宝安环观中路20号', '0'),
('100122', '刘兰兰', '女', '湖南', '汉', '本科', '1990-4-7', '18707428376', '15111288608', '43110319900407512X', '湖南省永州市冷水滩区', '3月29日'),
('Lxit05', '张新亮', '男', '海南', '汉', '本科', '0', '0755-2952282', '13544075494', '0', '深圳宝安观澜环观中路20号', '0'),
('Lxit02', '朱文胜', '男', '湖南', '汉', '本科', '0', '0755-2952282', '15994715028', '0', '深圳宝安观澜环观中路20号', '0'),
('Lxit03', '张有琳', '男', '甘肃', '汉', '本科', '0', '0755-2952282', '13723710515', '0', '深圳宝安观澜环观中路20号', '0'),
('Lxit06', '谢路炉', '男', '广东', '汉', '本科', '0', '0755-2952282', '13723550897', '0', '深圳宝安观澜环观中路20号', '0'),
('Lxit07', '蒋小英', '女', '湖南', '汉', '本科', '0', '0755-2952282', '15813815430', '0', '深圳宝安观澜环观中路20号', '0'),
('Lxit08', '聂俊中', '男', '河南', '汉', '本科', '0', '0755-2952282', '13689540034', '0', '深圳宝安观澜环观中路20号', '0'),
('Lxit09', '毛凌', '女', '湖南', '汉', '本科', '0', '0755-2952282', '13501588626', '0', '深圳宝安观澜环观中路20号', '0');

-- --------------------------------------------------------

--
-- 表的结构 `course`
--

CREATE TABLE IF NOT EXISTS `course` (
  `id` int(11) NOT NULL AUTO_INCREMENT,
  `name` varchar(50) DEFAULT NULL,
  `seq` int(11) NOT NULL,
  `content` varchar(400) DEFAULT NULL,
  `goal` varchar(161) DEFAULT NULL,
  `days` int(6) DEFAULT NULL,
  PRIMARY KEY (`id`)
) ENGINE=MyISAM  DEFAULT CHARSET=utf8 AUTO_INCREMENT=71 ;

--
-- 转存表中的数据 `course`
--

INSERT INTO `course` (`id`, `name`, `seq`, `content`, `goal`, `days`) VALUES
(1, 'JavaSE', 1, 'Java核心语法、Java核心API、面向对象程序设计、Java容器类(集合)、GUI 用户界面编程、I/O体系结构、多线程并发模型、网络编程、数据结构.JVM虚拟机的基本用法.', '掌握Java核心语法与面向对象思想，能熟练运用常用设计模式与编程技巧完成桌面应用或网络通信类程序的开发.', 2),
(2, 'Java5.0新特性', 2, 'Autoboxing/unboxing (自动装包/拆包)、Enums (枚举)、Varargs (可变参数)、Static Implements (静态导入)、for each(增强)循环、Generic(泛型)程序设计、Annotation(注释)无侵入式程序设计等', '掌握全新java设计思想, 把握未来java技术发展趋势.', 3),
(5, 'Java开发IDE', 5, 'Java常用开发工具：Eclipse、MyEclipse的使用', '掌握Java开发IDE的使用与代码调试技巧', 5),
(6, '编码规范', 6, '命名规范，臭味条款，用checkstyle检查代码规范', '编码过程中，严格按照编码规范进行', 3),
(7, '重构', 7, '重构的方法，重构的难题以及重构的好处和重构的目标', '对代码的臭味进行重构', 3),
(8, 'pmd', 8, 'pmd的运用和跟Eclipse的结合，侧重于业务逻辑检查，检查一些代码重复。', '用pmd对代码进行检查', 4),
(9, 'XML', 9, 'XML的概念与作用、基本语法、验证、XML模式定义(DTD、Schema)、XML解析(SAX、DOM)、Jdom和Dom4j、xpath、XSL.', '掌握XML使用及XML文档的处理技术.使用XML进行信息配置、数据存储以及数据交换.', 3),
(10, 'findbug', 10, 'findbug的运用，检查class文件，检查class文件内的缺陷。', '用findbug减少项目的bug', NULL),
(11, 'Junit，DbUnit', 11, 'Junit，DbUnit的使用', '运用Junit，DbUnit对项目进行单元测试', NULL),
(14, 'SQL Server', 14, '以SQL Server为平台，介绍SQL Server数据库的安装、SQL Server体系结构、物理组件、权限分配、数据管理、分析各种关系数据库设计的常见问题，深入讲解数据库设计范式.深入学习SQL Server数据库对象:index(索引)、view(视图)、sequence(序列)、tirgger(触发器)、Stored Procedure(存储过程).', '理解SQL Server数据库体系结构,掌握SQL Server数据库基本操作，数据库设计，开发和管理知识，熟练掌握SQL和SQL Server对象使用.', NULL),
(15, 'Oracle/SQL语言', 15, '以Oracle为平台，介绍Oracle数据库的安装、Oracle体系结构、物理组件、数据管理.深入学习Oracle数据库对象:index(索引)、view(视图)、sequence(序列)、tirgger(触发器)、comment(注释)、Stored Procedure(存储过程).', '掌握Oracle数据库的使用.', NULL),
(16, 'PL/SQL', 16, 'PL/SQL语法，作用.使用游标、存储过程、函数、触发器解决数据库性能问题.', '掌握PL/SQL的使用,能够使用存储过程开发高效的数据处理系统,解决数据库性能瓶颈并实现数据优化.', NULL),
(17, 'MySql\nphpadmin', 17, '以MySql为平台，介绍MySql数据库的安装、权限分配、数据管理.数据库使用.使用phpadmin工具，更方便、灵活的操作MySql数据库', '掌握MySql数据库的使用.掌握phpadmin的使用，对MySql数据库进行很好的管理。', NULL),
(19, 'JDBC', 19, '使用Java操作数据库,包括：数据库连接、结果集处理、存储过程调用、元数据、大数据类型处理、事务管理，批更新，可滚动、可更新的结果集，SQL3.0新特性，连接池技术，数据库应用架构.', '熟练掌握Java数据库编程技巧，能使用高级API、DAO编程模式编写高性能的数据持久层应用.', NULL),
(20, 'DbUtils', 20, 'DbUtils的运用,理解里面的模板模式,门面模式等等', '使用DbUtils简化持久层操作', 0),
(21, 'p6spy', 21, 'p6spy的安装，配置和运用', '运用p6spy对项目的SQL操作进行监控', NULL),
(22, 'hsqldb', 22, 'Hsqldb是一个开放源代码的JAVA数据库，其具有标准的SQL语法和JAVA接口，它可以自由使用和分发，非常简洁和快速的。Hsqldb数据库的安装，操作，及适用场合。', '掌握Hsqldb的使用，运用到项目中', NULL),
(23, 'Apache Derby', 23, 'Apache Derby是一个开源的、100% Java编写的、与平台无关的、易管理的关系数据库管理系统。Derby数据库的安装，操作，及适用场合。', '掌握Derby的使用，运用到项目中', NULL),
(26, 'Html', 26, '介绍Web原理.Web页面开发的基本过程，超文本标记语言(HTML)基本标签的使用，CSS 层叠式样式表', '掌握HTML基本标签的使用，能利用CSS优化页面设计的方法', NULL),
(27, 'JavaScript', 27, 'JavaScript 脚本语言基本语法，常用函数，JavaScript高级DOM编程及页面组件控制', '掌握基于对象的JavaScript程序设计，能通过W3C DOM模型完成动态页面脚本开发', NULL),
(28, 'Web容器之Tomcat', 28, 'Tomcat的下载、安装、启动分析、体系结构、基本配置、应用程序部署、管理和性能调优.Tomcat源代码详细讲解', '掌握使用Tomcat的使用.', NULL),
(29, 'Web容器之WebLogic', 29, 'WebLogic的安装、启动分析、体系结构、基本配置、应用程序部署、管理和性能调优.', '掌握使用WebLogic的使用.', NULL),
(30, 'Java Web编程Servlets', 30, 'HTTP协议详解，Servlet核心对象操作，Servlet生命周期，Session与Cookie的应用场景，过滤器与监听器.分层结构.', '全面掌握Servlet 2.5 API的使用，能够独立分析设计基于N层体系结构的Web 应用，熟练使用各种Java EE应用服务器', NULL),
(31, 'Java Web编程JSP', 31, 'JSP介绍、创建、部署JSP程序，JSP的三个指令、六个动作和九个内置对象.JSP中异常处理，自定义标签，EL和JSTL', '掌握JSP2.0规范技术，掌握JSP进行动态页面开发的专业技术，能结合Servlet完成B/S应用的设计与开发工作', NULL),
(32, '集群', 32, '集群的特性，作用，处理的问题以及它的分类', '运用集群来处理项目中的问题', NULL),
(35, 'MVC', 35, 'MVC的三层(view,control,model)。MVC的优缺点。', '熟悉MVC架构思想，灵活运用到项目中', NULL),
(36, '设计模式', 36, '10多种GOF设计模式', '熟悉这些设计模式，并且知道在项目中如何使用', NULL),
(37, '面向对象设计原则', 37, '面向对象的一些设计原则', '在我们编写程序的时候，都要遵循这些原则', NULL),
(38, 'UML(标准建模语言)', 38, '为什么要使用UML，它的好处。UML的五类图。UML中定义了四种关系。建模工具的运用', '掌握UML和工具的使用', NULL),
(39, '敏捷开发', 39, '敏捷开发的原则，敏捷实践', '熟练敏捷开发来完成项目', NULL),
(40, 'TDD(测试驱动开发)', 40, '先写测试用例，再写功能代码。测试驱动开发的概念和运用。', '掌握用测试来驱动开发', NULL),
(41, 'XP(极限编程)', 41, '极限编程的核心价值，十二种方法和实践。XP是敏捷开发代码级别的一个最佳实践', '掌握极限编程', NULL),
(42, 'Scrum', 42, 'Scrum的角色和特点。Scrum是一个敏捷开发管理方面的一个框架，是一个增量迭代的开发过程。', '掌握Scrum', NULL),
(43, 'Java Script', 43, 'Java Script的内置对象和面向对象编程', '掌握Java Script技术', NULL),
(44, 'ajax', 44, 'ajax的原理，ajax的流程，ajax的优缺点，ajax适用场合', '熟悉ajax的原理和流程，灵活运用在项目中', NULL),
(45, 'dwr', 45, 'dwr的配置，推拉技术，与Spring和Struts结合等', '熟练运用dwr完成项目的需求', NULL),
(46, 'gwt', 46, 'GWT跟Eclipse结合，GWT中的一些组件', '运用GWT对js进行调试', NULL),
(47, 'Struts1', 47, 'Struts1的核心，Struts1MVC，Struts1标签库，Struts1源代码详细讲解', '熟练运用Struts1完成项目', NULL),
(48, 'jsf', 48, 'jsf的配置和运用，它是事件驱动型，细粒度型。', '掌握jsf技术，运用到表现层中', NULL),
(49, 'Struts2', 49, 'Struts2的核心，Struts2的前身，Struts2跟Struts1的区别，Struts2的标签，Struts2的零配置，Struts2源代码详细讲解', '熟练运用Struts2完成项目', NULL),
(50, 'Spring', 50, 'Spring的七大组件，详细介绍Spring的IOC和DI，Spring的AOP，Spring的事务管理。Spring整合Struts，Hibernate等。Spring源代码详细讲解', '熟练运用Spring去整合Struts和Hibernate等技术，运用SpringAOP实现非业务功能，用Spring进行事务管理', NULL),
(51, 'Hibernate', 51, '学习领域建模思想与O/R Mapping，各种对象关系映射、实体状态、继承关系、组件映射、查询缓存与二级缓存配置、事务锁机制与性能调优.Hibernate源代码详细讲解', '使用Hibernate完成持久化层的开发工作.', NULL),
(52, 'ibatis', 52, '使用ibatis的好处和一些配置', '熟练运用ibatis完成持久化层的开发工作.', NULL),
(53, 'log4j', 53, 'log4j的配置和运用', '运用log4j对项目进行日志管理', NULL),
(54, 'SVN/CVS', 54, 'SVN/CVS的配置和使用及跟Eclipse结合', '掌握SVN/CVS的配置和使用，对项目进行版本控制', NULL),
(55, 'Java高级技术', 55, 'Java反射(Reflect)与动态代理(Dynamic Proxy)', '深入研究Java语言高级技术，设计更加灵活、扩展性更强的动态程序.', NULL),
(56, '持续集成(CI)', 56, '持续集成的价值与成本，持续集成的最佳实践', '掌握使用持续集成的对项目进行集成', NULL),
(57, 'SSO', 57, 'SSO的实现步骤，使用 CAS', '掌握如何使用SSO', NULL),
(58, 'SpringSide', 58, '用SpringSide创建工程，解讲里面的技术，用注解实现零配置', '把SpringSide里面的技术用到自己的项目中', NULL),
(59, 'freemarker', 59, '基本语法和实现运用', '掌握freemarker的使用', NULL),
(60, 'jira', 60, 'jira跟Eclipse的结合，jira基本操作', '掌握用jira对bug进行管理', NULL),
(61, 'ant', 61, '基本语法，对项目进行编译，测试打包等', '掌握用ant对项目进行构建', NULL),
(62, 'maven', 62, 'maven的安装和配置，maven的核心思想是约定大于配置', '掌握用maven对项目进行构建', NULL),
(63, 'sitemesh', 63, 'sitemesh的使用，sitemesh的核心和实现原理', '掌握用sitemesh对项目进行统一布局', NULL),
(64, 'selenium', 64, '使用selenium对页面操作进行录制，进行单元测试', '掌握使用selenium对页面进行测试', NULL),
(65, '产生式编程', 65, '用代码生成代码，减少了工作量，降低了人为的错误', '掌握产生式编程', NULL),
(66, 'FireBug', 66, 'FireBug的下载，安装，运用', '运用FireBug对页面js进行调试', NULL),
(67, '检查代码覆盖率', 67, '检查代码覆盖率工具的下载安装和运用', '运用工具对项目进行覆盖率检查', NULL),
(68, '数据库优化', 68, '数据库的设计流程，数据库操作原理', '掌握在数据库设计的时候要考虑数据库的优化', NULL),
(69, 'JMS', 69, '能在项目中运用发送消息', NULL, NULL),
(70, 'JNDI', 70, '了解最基本信息,以及写一个完整例子', NULL, NULL);

-- --------------------------------------------------------

--
-- 表的结构 `courseback`
--

CREATE TABLE IF NOT EXISTS `courseback` (
  `id` int(11) NOT NULL AUTO_INCREMENT,
  `name` varchar(50) DEFAULT NULL,
  `content` varchar(400) DEFAULT NULL,
  `goal` varchar(161) DEFAULT NULL,
  `days` int(6) DEFAULT NULL,
  PRIMARY KEY (`id`)
) ENGINE=MyISAM  DEFAULT CHARSET=utf8 AUTO_INCREMENT=71 ;

--
-- 转存表中的数据 `courseback`
--

INSERT INTO `courseback` (`id`, `name`, `content`, `goal`, `days`) VALUES
(1, 'JavaSE', 'Java核心语法、Java核心API、面向对象程序设计、Java容器类(集合)、GUI 用户界面编程、I/O体系结构、多线程并发模型、网络编程、数据结构.', '掌握Java核心语法与面向对象思想，能熟练运用常用设计模式与编程技巧完成桌面应用或网络通信类程序的开发.', NULL),
(2, 'Java5.0新特性', 'Autoboxing/unboxing (自动装包/拆包)、Enums (枚举)、Varargs (可变参数)、Static Implements (静态导入)、for each(增强)循环、Generic(泛型)程序设计、Annotation(注释)无侵入式程序设计等', '掌握全新java设计思想, 把握未来java技术发展趋势.', NULL),
(3, '第二阶段： 中级技术', NULL, NULL, NULL),
(4, '课程名称', '内容简介', '课程目标', 0),
(5, 'Java开发IDE', 'Java常用开发工具：Eclipse、MyEclipse的使用', '掌握Java开发IDE的使用与代码调试技巧', NULL),
(6, '编码规范', '命名规范，臭味条款，用checkstyle检查代码规范', '编码过程中，严格按照编码规范进行', NULL),
(7, '重构', '重构的方法，重构的难题以及重构的好处和重构的目标', '对代码的臭味进行重构', NULL),
(8, 'pmd', 'pmd的运用和跟Eclipse的结合，侧重于业务逻辑检查，检查一些代码重复。', '用pmd对代码进行检查', NULL),
(9, 'XML', 'XML的概念与作用、基本语法、验证、XML模式定义(DTD、Schema)、XML解析(SAX、DOM)、Jdom和Dom4j、xpath、XSL.', '掌握XML使用及XML文档的处理技术.使用XML进行信息配置、数据存储以及数据交换.', NULL),
(10, 'findbug', 'findbug的运用，检查class文件，检查class文件内的缺陷。', '用findbug减少项目的bug', NULL),
(11, 'Junit，DbUnit', 'Junit，DbUnit的使用', '运用Junit，DbUnit对项目进行单元测试', NULL),
(13, '课程名称', '内容简介', '课程目标', 0),
(14, 'SQL Server', '以SQL Server为平台，介绍SQL Server数据库的安装、SQL Server体系结构、物理组件、权限分配、数据管理、分析各种关系数据库设计的常见问题，深入讲解数据库设计范式.深入学习SQL Server数据库对象:index(索引)、view(视图)、sequence(序列)、tirgger(触发器)、Stored Procedure(存储过程).', '理解SQL Server数据库体系结构,掌握SQL Server数据库基本操作，数据库设计，开发和管理知识，熟练掌握SQL和SQL Server对象使用.', NULL),
(15, 'Oracle/SQL语言', '以Oracle为平台，介绍Oracle数据库的安装、Oracle体系结构、物理组件、数据管理.深入学习Oracle数据库对象:index(索引)、view(视图)、sequence(序列)、tirgger(触发器)、comment(注释)、Stored Procedure(存储过程).', '掌握Oracle数据库的使用.', NULL),
(16, 'PL/SQL', 'PL/SQL语法，作用.使用游标、存储过程、函数、触发器解决数据库性能问题.', '掌握PL/SQL的使用,能够使用存储过程开发高效的数据处理系统,解决数据库性能瓶颈并实现数据优化.', NULL),
(17, 'MySql\nphpadmin', '以MySql为平台，介绍MySql数据库的安装、权限分配、数据管理.数据库使用.使用phpadmin工具，更方便、灵活的操作MySql数据库', '掌握MySql数据库的使用.掌握phpadmin的使用，对MySql数据库进行很好的管理。', NULL),
(18, NULL, NULL, NULL, NULL),
(19, 'JDBC', '使用Java操作数据库,包括：数据库连接、结果集处理、存储过程调用、元数据、大数据类型处理、事务管理，批更新，可滚动、可更新的结果集，SQL3.0新特性，连接池技术，数据库应用架构.', '熟练掌握Java数据库编程技巧，能使用高级API、DAO编程模式编写高性能的数据持久层应用.', NULL),
(20, 'DbUtils', 'DbUtils的运用', '使用DbUtils简化持久层操作', NULL),
(21, 'p6spy', 'p6spy的安装，配置和运用', '运用p6spy对项目的SQL操作进行监控', NULL),
(22, 'hsqldb', 'Hsqldb是一个开放源代码的JAVA数据库，其具有标准的SQL语法和JAVA接口，它可以自由使用和分发，非常简洁和快速的。Hsqldb数据库的安装，操作，及适用场合。', '掌握Hsqldb的使用，运用到项目中', NULL),
(23, 'Apache Derby', 'Apache Derby是一个开源的、100% Java编写的、与平台无关的、易管理的关系数据库管理系统。Derby数据库的安装，操作，及适用场合。', '掌握Derby的使用，运用到项目中', NULL),
(24, '第二阶段： Web应用', NULL, NULL, NULL),
(25, '课程名称', '内容简介', '课程目标', 0),
(26, 'Html', '介绍Web原理.Web页面开发的基本过程，超文本标记语言(HTML)基本标签的使用，CSS 层叠式样式表', '掌握HTML基本标签的使用，能利用CSS优化页面设计的方法', NULL),
(27, 'JavaScript', 'JavaScript 脚本语言基本语法，常用函数，JavaScript高级DOM编程及页面组件控制', '掌握基于对象的JavaScript程序设计，能通过W3C DOM模型完成动态页面脚本开发', NULL),
(28, 'Web容器之Tomcat', 'Tomcat的下载、安装、启动分析、体系结构、基本配置、应用程序部署、管理和性能调优.Tomcat源代码详细讲解', '掌握使用Tomcat的使用.', NULL),
(29, 'Web容器之WebLogic', 'WebLogic的安装、启动分析、体系结构、基本配置、应用程序部署、管理和性能调优.', '掌握使用WebLogic的使用.', NULL),
(30, 'Java Web编程Servlets', 'HTTP协议详解，Servlet核心对象操作，Servlet生命周期，Session与Cookie的应用场景，过滤器与监听器.分层结构.', '全面掌握Servlet 2.5 API的使用，能够独立分析设计基于N层体系结构的Web 应用，熟练使用各种Java EE应用服务器', NULL),
(31, 'Java Web编程JSP', 'JSP介绍、创建、部署JSP程序，JSP的三个指令、六个动作和九个内置对象.JSP中异常处理，自定义标签，EL和JSTL', '掌握JSP2.0规范技术，掌握JSP进行动态页面开发的专业技术，能结合Servlet完成B/S应用的设计与开发工作', NULL),
(32, '集群', '集群的特性，作用，处理的问题以及它的分类', '运用集群来处理项目中的问题', NULL),
(33, '第二阶段： 高级技术', NULL, NULL, NULL),
(34, '课程名称', '内容简介', '课程目标', 0),
(35, 'MVC', 'MVC的三层(view,control,model)。MVC的优缺点。', '熟悉MVC架构思想，灵活运用到项目中', NULL),
(36, '设计模式', '10多种GOF设计模式', '熟悉这些设计模式，并且知道在项目中如何使用', NULL),
(37, '面向对象设计原则', '面向对象的一些设计原则', '在我们编写程序的时候，都要遵循这些原则', NULL),
(38, 'UML(标准建模语言)', '为什么要使用UML，它的好处。UML的五类图。UML中定义了四种关系。建模工具的运用', '掌握UML和工具的使用', NULL),
(39, '敏捷开发', '敏捷开发的原则，敏捷实践', '熟练敏捷开发来完成项目', NULL),
(40, 'TDD(测试驱动开发)', '先写测试用例，再写功能代码。测试驱动开发的概念和运用。', '掌握用测试来驱动开发', NULL),
(41, 'XP(极限编程)', '极限编程的核心价值，十二种方法和实践。XP是敏捷开发代码级别的一个最佳实践', '掌握极限编程', NULL),
(42, 'Scrum', 'Scrum的角色和特点。Scrum是一个敏捷开发管理方面的一个框架，是一个增量迭代的开发过程。', '掌握Scrum', NULL),
(43, 'Java Script', 'Java Script的内置对象和面向对象编程', '掌握Java Script技术', NULL),
(44, 'ajax', 'ajax的原理，ajax的流程，ajax的优缺点，ajax适用场合', '熟悉ajax的原理和流程，灵活运用在项目中', NULL),
(45, 'dwr', 'dwr的配置，推拉技术，与Spring和Struts结合等', '熟练运用dwr完成项目的需求', NULL),
(46, 'gwt', 'GWT跟Eclipse结合，GWT中的一些组件', '运用GWT对js进行调试', NULL),
(47, 'Struts1', 'Struts1的核心，Struts1MVC，Struts1标签库，Struts1源代码详细讲解', '熟练运用Struts1完成项目', NULL),
(48, 'jsf', 'jsf的配置和运用，它是事件驱动型，细粒度型。', '掌握jsf技术，运用到表现层中', NULL),
(49, 'Struts2', 'Struts2的核心，Struts2的前身，Struts2跟Struts1的区别，Struts2的标签，Struts2的零配置，Struts2源代码详细讲解', '熟练运用Struts2完成项目', NULL),
(50, 'Spring', 'Spring的七大组件，详细介绍Spring的IOC和DI，Spring的AOP，Spring的事务管理。Spring整合Struts，Hibernate等。Spring源代码详细讲解', '熟练运用Spring去整合Struts和Hibernate等技术，运用SpringAOP实现非业务功能，用Spring进行事务管理', NULL),
(51, 'Hibernate', '学习领域建模思想与O/R Mapping，各种对象关系映射、实体状态、继承关系、组件映射、查询缓存与二级缓存配置、事务锁机制与性能调优.Hibernate源代码详细讲解', '使用Hibernate完成持久化层的开发工作.', NULL),
(52, 'ibatis', '使用ibatis的好处和一些配置', '熟练运用ibatis完成持久化层的开发工作.', NULL),
(53, 'log4j', 'log4j的配置和运用', '运用log4j对项目进行日志管理', NULL),
(54, 'SVN/CVS', 'SVN/CVS的配置和使用及跟Eclipse结合', '掌握SVN/CVS的配置和使用，对项目进行版本控制', NULL),
(55, 'Java高级技术', 'Java反射(Reflect)与动态代理(Dynamic Proxy)', '深入研究Java语言高级技术，设计更加灵活、扩展性更强的动态程序.', NULL),
(56, '持续集成(CI)', '持续集成的价值与成本，持续集成的最佳实践', '掌握使用持续集成的对项目进行集成', NULL),
(57, 'SSO', 'SSO的实现步骤，使用 CAS', '掌握如何使用SSO', NULL),
(58, 'SpringSide', '用SpringSide创建工程，解讲里面的技术，用注解实现零配置', '把SpringSide里面的技术用到自己的项目中', NULL),
(59, 'freemarker', '基本语法和实现运用', '掌握freemarker的使用', NULL),
(60, 'jira', 'jira跟Eclipse的结合，jira基本操作', '掌握用jira对bug进行管理', NULL),
(61, 'ant', '基本语法，对项目进行编译，测试打包等', '掌握用ant对项目进行构建', NULL),
(62, 'maven', 'maven的安装和配置，maven的核心思想是约定大于配置', '掌握用maven对项目进行构建', NULL),
(63, 'sitemesh', 'sitemesh的使用，sitemesh的核心和实现原理', '掌握用sitemesh对项目进行统一布局', NULL),
(64, 'selenium', '使用selenium对页面操作进行录制，进行单元测试', '掌握使用selenium对页面进行测试', NULL),
(65, '产生式编程', '用代码生成代码，减少了工作量，降低了人为的错误', '掌握产生式编程', NULL),
(66, 'FireBug', 'FireBug的下载，安装，运用', '运用FireBug对页面js进行调试', NULL),
(67, '检查代码覆盖率', '检查代码覆盖率工具的下载安装和运用', '运用工具对项目进行覆盖率检查', NULL),
(68, '数据库优化', '数据库的设计流程，数据库操作原理', '掌握在数据库设计的时候要考虑数据库的优化', NULL),
(69, 'JMS', '能在项目中运用发送消息', NULL, NULL),
(70, 'JNDI', '了解最基本信息,以及写一个完整例子', NULL, NULL);

-- --------------------------------------------------------

--
-- 表的结构 `lxitclass`
--

CREATE TABLE IF NOT EXISTS `lxitclass` (
  `id` varchar(20) NOT NULL,
  `name` varchar(20) NOT NULL,
  `descs` varchar(20) NOT NULL,
  `teacherId` varchar(20) NOT NULL
) ENGINE=MyISAM DEFAULT CHARSET=utf8;

--
-- 转存表中的数据 `lxitclass`
--

INSERT INTO `lxitclass` (`id`, `name`, `descs`, `teacherId`) VALUES
('0901', '0901', ' 0901的班级', '张新亮'),
('0902', '0902', '0902', '张有琳'),
('0903', '0903', '0903', '老朱'),
('1001', '1001', '1001', '罗涛'),
('0905', '0905', '0905', '朴建浩'),
('0906', '0906', '0906', '朱文胜');

-- --------------------------------------------------------

--
-- 表的结构 `student`
--

CREATE TABLE IF NOT EXISTS `student` (
  `id` varchar(20) NOT NULL,
  `classId` varchar(20) NOT NULL,
  `name` varchar(20) DEFAULT NULL,
  `sex` varchar(9) DEFAULT NULL,
  `nativePlace` varchar(6) DEFAULT NULL,
  `nation` varchar(12) DEFAULT NULL,
  `education` varchar(6) DEFAULT NULL,
  `birth` varchar(12) DEFAULT NULL,
  `telephone` varchar(12) DEFAULT NULL,
  `mobilephone` varchar(21) DEFAULT NULL,
  `idcard` varchar(18) DEFAULT NULL,
  `homeaddress` varchar(66) DEFAULT NULL,
  `dateofenrollment` varchar(12) DEFAULT NULL,
  PRIMARY KEY (`id`)
) ENGINE=MyISAM DEFAULT CHARSET=utf8;

--
-- 转存表中的数据 `student`
--

INSERT INTO `student` (`id`, `classId`, `name`, `sex`, `nativePlace`, `nation`, `education`, `birth`, `telephone`, `mobilephone`, `idcard`, `homeaddress`, `dateofenrollment`) VALUES
('090101', '0901', '杨照', '男', '湖南长沙', '汉', '中专', '33572', '13480638784', NULL, '430124199111300812', '湖南省长沙市宁乡县龙田镇百花村', '39897'),
('090102', '0901', '钱志文', '男', '湖南永州', '汉', '大专', '33184', NULL, '                     ', '431121199011076932', '湖南省永州市祁阳县大村甸镇五塘冲村8组', '39904'),
('090103', '0901', '兰丽', '女', '四川', '汉', '高中', '31510', '15019401964', NULL, '513901198404085341', '四川省资阳市雁江区南津镇刘家村七组', '39911'),
('090104', '0901', '朱江南', '男', '湖南永州', '汉', '高中', '32346', '15116570769', '13751220328', '431103198807227831', '湖南省永州市冷水滩区', '39926'),
('090105', '0901', '文亚明', '男', '湖南永州', '汉', '高中', '33095', '13640658346', NULL, '431103199008103618', '湖南省永州市冷水滩区伊塘镇鼎星观六组', '39981'),
('090106', '0901', '周芳鹏', '男', '湖南永州', '汉', '高中', '32798', '13874619438', NULL, '431103198910178732', '湖南省永州市冷水滩区杨村甸乡堆子头村石板塘组', '39981'),
('090107', '0901', '邓亮', '男', '湖南永州', '汉', '高中', '33148', '13554840606', '13874614347', '431103199010024257', '湖南省永州市冷水滩区蔡市镇邓家铺村委会148号', '39981'),
('090108', '0901', '吕简荣', '男', '湖南永州', '汉', '高中', '32428', '13607461100', '13874673015', '431103198810126978', '湖南省永州市冷水滩区普利桥镇歧山村', '39981'),
('090109', '0901', '贺善云', '男', '湖南永州', '汉', '高中', '32444', '0746-6619076', NULL, '431102198810283870', '湖南省永州市零陵区邮亭圩镇', '39981'),
('090110', '0901', '谢小星', '男', '湖南永州', '汉', '高中', '33129', '13874602386', NULL, '431103199009130052', '湖南省永州市冷水滩区仁湾镇台头村185号', '39981'),
('090111', '0901', '李辉', '男', '湖南永州', '汉', '高中', '33561', '13874614475', NULL, '431103199111192436', '湖南省永州市冷水滩区上岭桥镇双水村12组', '39981'),
('090112', '0901', '唐特', '男', '湖南永州', '汉', '高中', '32704', NULL, '13028891735', '431103198908152419', '湖南省永州市冷水滩区上岭桥镇', '39981'),
('090113', '0901', '周耀', '男', '湖南永州', '汉', '高中', '33018', '15116697958', NULL, '431103199005251631', '湖南省永州市冷水滩区四丘田平冶塘', '39981'),
('090114', '0901', '吕海', '男', '湖南永州', '汉', '高中', '33220', '15907484466', NULL, '431103199012136914', '湖南省永州市冷水滩区普利桥八井村上三组', '39981'),
('090115', '0901', '何雪彦', '女', '湖南永州', '汉', '高中', '32837', '13807430107', '13187107660', '431103198911251620', '湖南省永州市冷水滩区珊瑚乡四丘田村平治塘组', '39981'),
('090116', '0901', '黎曦', '男', '湖南永州', '汉', '高中', '33146', '15574668790', NULL, '500233199009302610', '湖南省永州市岗角山镇', '39981'),
('090117', '0901', '周顺龙', '男', '湖南永州', '汉', '高中', '33095', '07468661108', '13972491782', '431103199008108734', '湖南省永州市冷水滩区杨村甸乡洛江路1号', '39981'),
('090118', '0901', '王海', '男', '湖南永州', '汉', '高中', '32983', '13537039722', NULL, '431103199004205131', '湖南省永州市冷水滩区马坪开发区二皇庙村', '39981'),
('090119', '0901', '王锡勇', '男', '湖南永州', '汉', '高中', '33074', '13670213176', NULL, '431103199007206857', '湖南省永州市普里镇邪杉木桥双合村8组', '39981'),
('090120', '0901', '蒋启云', '女', '湖南永州', '汉', '高中', '33345', '13574621278', NULL, '431103199104172429', '湖南省永州市冷水滩区上岭桥镇彦参塘村四组', '39981'),
('090121', '0901', '李金宏', '男', '湖南永州', '汉', '高中', '33120', '7468718371', NULL, '431103199009044218', '湖南省永州市冷水滩区蔡市镇樟兜庙村虎三组', '39981'),
('090122', '0901', '欧芝誉', '男', '湖南永州', '汉', '高中', '33344', '13974618260', '15116689445', '431103199004165117', '湖南省永州市冷水滩区马坪开发区', '39981'),
('090123', '0901', '周振国', '男', '湖南邵阳', '汉', '高中', '33193', '13530227936', NULL, '430525199011166133', '湖南省洞口县石江镇大塘村合塘组', '39981'),
('090124', '0901', '王娟', '女', '湖南永州', '汉', '高中', '33636', '8712082', '13378963029', '500233199202022644', '湖南省永州市岚角山镇新田前八组', '39981'),
('090125', '0901', '李赛', '女', '湖南永州', '汉', '高中', '33341', NULL, '15889676957', '431103199104132427', '湖南省永州市冷水滩区上岭桥镇双水村', '39981'),
('090126', '0901', '李亚丹', '女', '湖南永州', '汉', '高中', '33765', '13135228278', '15889676879', '431103199206102421', '湖南省永州市上岭桥镇双水村', '39983'),
('090127', '0901', '蒋蓉', '女', '湖南永州', '汉', '高中', '33194', '0746-8450017', '15118090455', '431103199011170029', '湖南省永州市冷水滩区中泰公司', '39992'),
('090128', '0901', '周美玲', '女', '湖南永州', '汉', '高中', '33470', '13049835099', '13974669089', '431124199108200345', '深圳市布吉中海怡翠山庄第十三栋', '39997'),
('090301', '0903', '周云霞', '女', '湖南', '汉', '高中', '32911', '13434044677', NULL, '431103199002075724', '湖南省永州市冷水滩区黄阳司镇郝皮桥乡专冲组曹门口组', '40001'),
('090201', '0902', '肖黎', '男', '湖南东安', '汉', '高中', '33072', '15907464950', NULL, '431122199007187636', '湖南省东安县大盛镇斗山村2组', '39981'),
('090202', '0902', '钟国林', '男', '湖南永州', '汉', '高中', '33039', '13637466522', NULL, '431103199006155713', '湖南省永州市黄阳司镇田坝塘村新划组', '39981'),
('090203', '0902', '唐任贤', '男', '湖南永州', '汉', '高中', '33192', '7468450086', '15012706979', '431103199011151813', '湖南省永州市冷水滩区横冲村', '39981'),
('090204', '0902', '张文军', '男', '湖南永州', '汉', '高中', '33141', '15111664186', NULL, '431103199009253618', '湖南省永州市冷水滩区伊塘镇双江村7组', '39981'),
('090205', '0902', '王科', '男', '湖南永州', '汉', '高中', '33048', '15200981706', NULL, '431103199006242438', '湖南省永州市冷水滩区上岭桥镇龙塘村委会', '39981'),
('090206', '0902', '柏纬剑', '男', '湖南永州', '汉', '高中', '33204', '13874770830', NULL, '43112119901127471X', '湖南省祁阳县潘江市镇双江村7组', '39981'),
('090207', '0902', '刘孟迪', '男', '湖南永州', '汉', '高中', '32902', '0746-8682168', NULL, '431103199001293615', '湖南省永州市冷水滩区伊塘镇新圩村刘家组', '39981'),
('090208', '0902', '肖伟峰', '男', '湖南永州', '汉', '高中', '33151', '13469376002', NULL, '431103199010050017', '湖南省永州市冷水滩区零陵本路784号', '39981'),
('090209', '0902', '刘志军', '男', '湖南永州', '汉', '高中', '33384', NULL, NULL, '431103199105260615', '湖南省永州市冷水滩区江湾镇刘家村双坝塘组30号', '39981'),
('090210', '0902', '潘香枚', '女', '湖南永州', '汉', '高中', '32807', '13874706881', NULL, '431103198910266943', '湖南省永州市冷水滩区普利桥镇石子塘村新岭组', '39981'),
('090211', '0902', '严根花', '男', '湖南永州', '汉', '高中', '32796', NULL, '15974061383', '431103198910151855', '湖南省永州市冷水滩区仁湾镇龙江桥村69号', '39981'),
('090212', '0902', '胡建军', '男', '湖南永州', '汉', '高中', '33154', '13037499928', '15807469037', '43110319901008361X', '湖南省永州市冷水滩区伊塘镇新圩村', '39981'),
('090213', '0902', '钟勇波', '男', '湖南永州', '汉', '高中', '33169', '0746-8795761', NULL, '431103199010234211', '湖南省永州市冷水滩区蔡市镇巴洲滩村143号', '39981'),
('090214', '0902', '赵承刚', '男', '湖南永州', '汉', '高中', '32729', '15857237275', NULL, '431103198908098717', '湖南省永州市冷水滩区善利桥镇杨村甸乡黄茶元村', '39981'),
('090215', '0902', '吕美红', '女', '湖南永州', '汉', '高中', '32917', '15807489900', NULL, '431103199002137825', '湖南省永州市冷水滩区花桥街镇新铺村五组105号', '39981'),
('090216', '0902', '陈衡', '女', '湖南永州', '汉', '高中', '32982', '13762990922', NULL, '431103199004192422', '湖南省永州市冷水滩区上岭桥镇八宝岭村', '39981'),
('090217', '0902', '彭亮', '男', '湖南永州', '汉', '高中', '33031', '07468799442', '15074664197', '431103199006075115', '湖南省永州市冷水滩马坪开发区二皇庙村', '39981'),
('090218', '0902', '王伟', '女', '湖南永州', '汉', '高中', '33155', '13135273116', NULL, '431103199010094220', '湖南省永州市冷水滩区蔡市镇老埠头村120号', '39981'),
('090219', '0902', '周明', '男', '湖南永州', '汉', '高中', '33286', '27204379', '13164714579', '431124199102176356', '湖南省道县蚣坝镇沿河塘村4组', '39996'),
('090220', '0902', '陈斌', '男', '湖南永州', '汉', '高中', '33199', '15874611756', NULL, '431103199011223311', '湖南省永州市冷水滩区竹山桥镇大坝头村拱桥组', '39991'),
('090221', '0902', '蒋玉龙', '男', '湖南永州', '汉', '高中', '33020', '13423770746', NULL, '431103199005275115', '湖南省永州市冷水滩区高溪市镇排山塘村庙湾组', '39981'),
('090222', '0902', '蒋玉纲', '男', '湖南永州', '汉', '高中', '33280', '13974618327', NULL, '431103199102112430', '湖南省永州市冷水滩区上岭桥镇龙庆塘村', '39981'),
('090223', '0902', '唐丰', '男', '湖南永州', '汉', NULL, NULL, NULL, NULL, '431122199012056112', '湖南省东安县芦洪市镇犁头嘴村6组', '39981'),
('090224', '0902', '艾保荣', '男', '湖南永州', '汉', '高中', '32895', '13974677017', NULL, '431103199001228418', '湖南省永州市冷水滩区牛角坝长冲村老屋组', '39991'),
('090225', '0902', '周伟兴', '男', '湖南永州', '汉', '高中', '33120', '13652440441', NULL, '430525199009046159', '湖南省邵阳市洞口县石江镇大塘村大塘组3号', '39996'),
('090226', '0902', '张春雪', '女', '湖南永州', '汉', '高中', '33323', '07467468458', '13423901947', '431126199103263227', '湖南省永州市宁远县冷水镇新张家村8组', '39993'),
('090624', '0906', '明珍珠', '女', '湖南永州', '汉', '高中', '32735', '13100260737', '15817412204', '431103198908155144', '湖南省永州市冷水滩区高溪市镇香馥坝村84号', '39991'),
('090228', '0902', '屈慧慧', '女', '湖南永州', '汉', '高中', '33199', '13874619587', NULL, '431103199011223629', '湖南省永州市冷水滩区伊塘镇柏树脚组205号', '39981'),
('090229', '0902', '尹忠亮', '男', '湖南永州', '汉', '高中', '32790', '15111699638', NULL, '431103198910093616', '湖南省永州市冷水滩区伊塘镇小塘村392号', '39981'),
('090230', '0902', '张海华', '男', '湖南永州', '汉', '高中', '32799', '13874685125', NULL, '431122198910185819', '湖南省永州市东安县鹿马镇金江水库', '39981'),
('090231', '0902', '王杰', '男', '湖南永州', '汉', '高中', '33276', '15869976038', NULL, '431103199102071835', '湖南省永州市冷水滩区仁湾镇金木塘村', '39981'),
('090302', '0903', '唐亚国', '男', '湖南', '汉', '高中', '33211', '8721018', '13530733400', '431103199012042715', '湖南省永州市冷水滩区岚角山镇武塘村11组219号', '40001'),
('090303', '0903', '吕枚', '女', '湖南', '汉', '高中', '33075', NULL, '13787603631', '431103199007216944', '湖南省永州市冷水滩区普里桥镇关草村八组', '40001'),
('090304', '0903', '谌志勇', '男 ', '湖南', '汉', '高中', '33702', '13187102479', '15118087611', '431103199204086915', '湖南省永州市冷水滩区普里桥镇小水村下澎家组370号', '40001'),
('090305', '0903', '吕涛', '男', '湖南', '汉', '高中', '33461', '15074629645', '15074629645', '431101199108117814', '湖南省永州市冷水滩区花桥街镇石垻村六组57号', '40001'),
('090306', '0903', '许龙', '男', '湖南', '汉', '高中', '33181', '07468747051', '15118087610', '431103199011044217', '湖南省永州市冷水滩区蔡市大园山村84号', '40001'),
('090307', '0903', '李文龙', '男', '湖南', '汉', '高中', '33062', '07468547229', NULL, '431103199007082413', '湖南省永州市冷水滩区上岭桥镇双水村一组', '40001'),
('090308', '0903', '王振', '男', '湖南', '汉', '高中', '33333', '13874753902', NULL, '431121199104056535', '湖南省祁阳县七里桥镇曾家湾10组', '40001'),
('090309', '0903', '艾文华', '男', '湖南', '汉', '高中', '33438', '13874708529', '13874708529', '431103199107195116', '湖南省永州市冷水滩区高溪市镇香馥坝村', '40001'),
('090310', '0903', '周柏青', '男', '湖南', '汉', '高中', '33284', '07468667013', '13874758107', '431103199102157815', '湖南省永州市冷水滩区花桥街镇枫木井村96号', NULL),
('090311', '0903', '杨博', '男', '湖南', '汉', '高中', '32883', '15869975178', '13423834606', '431103199001106912', '湖南省永州市冷水滩区普里桥镇普利街利街38号', NULL),
('090312', '0903', '杨纯俊', '男', '湖南', '汉', '高中', '32817', NULL, NULL, '431122198911055119', '湖南省永州市东安县鹿马桥镇金江村4组', NULL),
('090313', '0903', '欧道伟', '男', '湖南', '汉', '高中', '32871', '0746-8647836', '13690189015', '431103198912295115', '湖南省永州市冷水滩高溪市镇欧家村3号', NULL),
('090314', '0903', '李亦成', '女', '湖南', '汉', '高中', '33400', '13874702948', '13714558755', '431103199106212420', '湖南省永州市冷水滩上岭镇东村村', NULL),
('090315', '0903', '左丹娜', '女', '湖南', '汉', '高中', '33308', '0746-8442286', '15116500870', '431103199103110621', '湖南省永州市冷水滩区狮岩路28号', NULL),
('090316', '0903', '伍学军', '男', '湖南', '汉', '高中', '33095', '13790013850', '15813473124', '431103199008108435', '湖南省永州市冷水滩牛角坝镇湘山街180号', NULL),
('090317', '0903', '唐培兴', '男', '广西', '汉', '高中', '33144', '13787649376', '15112425824', '450324199009284612', '广西省桂林市全州县石塘镇沛田村委沛田村01-111号', NULL),
('090318', '0903', '周杰', '男', '湖南', '汉', '高中', '33251', '0757-8035508', '13874691035', '431103199101136916', '湖南省永州市冷水滩区普利桥镇长冲村周家组', NULL),
('090319', '0903', '唐娟', '女', '湖南', '汉', '高中', '33277', '0746-8213449', '13874623866', '430426199102230963', '湖南省祁东县白鹤铺镇唐家下唐组', NULL),
('090320', '0903', '曾艳华', '女', '湖南', '汉', '高中', '32209', '13762978266', '13762978266', '431103198803073329', '湖南省永州市冷水滩区竹山桥镇群勇村', NULL),
('090321', '0903', '龚如艳', '女', '湖南', '汉', '高中', '33209', '13874772514', NULL, '43110319901202332X', '湖南省永州市冷水滩区竹山桥镇渲溪村老屋组209号', NULL),
('090322', '0903', '柏阳辉', '男', '湖南', '汉', '高中', '33215', NULL, NULL, '431124199012087915', '湖南省永州市道县乐福堂乡龙村5组', NULL),
('090323', '0903', '李波', '男', '湖南', '汉', '高中', '33195', '13524180569', '13564766359', '431103199011188712', '湖南省永州市冷水滩区杨村甸乡贯子头村', NULL),
('090324', '0903', '郭涌', '男', '湖南', '汉', '高中', '33343', NULL, '15112421319', '431103199104154212', '湖南省永州市冷水滩区蔡市镇虾塘村', NULL),
('090325', '0903', '阳斌', '男', '湖南', '汉', '高中', '33448', NULL, '13410854618', '431103199107297817', '湖南省永州市冷水滩区花桥街镇江西佃村下青组374号', NULL),
('090326', '0903', '黄海涛', '男', '江西', '汉', '高中', '33239', NULL, NULL, '360735199101011616', '江西省赣州市石城县琴江镇濯坑村岭子组108号', NULL),
('090327', '0903', '唐云辉', '男', '湖南', '汉', '高中', '32661', '13574661503', '13117465564', '431102198906026254', '湖南省永州市零陵区石岩头镇西头村七组', NULL),
('090328', '0903', '雷轩', '男', '湖南', '汉', '高中', '32947', '0746-4412440', '13535263750', '431122199003157114', '湖南省永州市东安县花桥镇花山居委会1组', NULL),
('090329', '0903', '欧山青', '男', '湖南', '汉', '高中', '32737', '15807492029', NULL, '431126198908170058', '湖南省永州市宁远县欧家村9组', NULL),
('090330', '0903', '黎明', '男', '湖南', '汉', '高中', '32002', '0746-8712005', NULL, '500233198708132619', '湖南省永州市冷水滩区岚角山镇长塘角村七组27号', NULL),
('090501', '0905', '陶建', '男', '湖南', '汉', '高中', '33320', '13874398572', '13026683537', '431103199103235715', '湖南省永州市冷水滩区沿江路169号', '40021'),
('090502', '0905', '何文辉', '男', '湖南', '汉', '高中', '33521', '0746-8229827', '13787646531', '431103199110101619', '湖南省永州市冷水滩区珊瑚乡四丘田村鲁塘组', '40020'),
('090503', '0905', '郑萍玲', '女', '广东', '汉', '高中', '32576', '0754-8221201', '13417445460', '440582198903092066', '广东省汕头市潮南区陇田镇', '40021'),
('090504', '0905', '蒋长春', '男', '湖南', '汉', '高中', '32872', '13607464948', NULL, '431122198912303858', '湖南省永州市东安县井头镇', '40020'),
('090505', '0905', '刘欢', '男', '湖南', '汉', '高中', '32803', NULL, NULL, '431103198910228736', '湖南省永州市冷水滩区仁湾镇', '40025'),
('090506', '0905', '黎平', '女', '湖南', '汉', '高中', '32280', '0746-8712065', '13670041799', '500233198805172620', '湖南省永州市冷水滩区岚角山', '25009-7-24'),
('090507', '0905', '周志成', '男', '湖南', '汉', '高中', '33410', '15974060266', NULL, '431103199106212412', '湖南省永州市冷水滩', '25009-7-24'),
('090508', '0905', '彭安军', '男', '湖南', '汉', '高中', '32509', '13467976456', '15876474210', '431124198901016311', '湖南省永州市道县蚣坝后江桥', '40028'),
('090509', '0905', '熊江良', '男', '湖南', '汉', '高中', '33240', '13874702543', NULL, '431103199101025116', '湖南省永州市冷水滩湖塘东路158号', '40027'),
('090510', '0905', '蒋丽云', '女', '湖南', '汉', '高中', '33093', '0746-8796609', NULL, '431103198708108423', '湖南省永州市冷水滩区牛角坝蒋家组281号', '40027'),
('090511', '0905', '周润伍', '男', '湖南', '汉', '高中', '32994', '13974623226', NULL, '430426199005017212', '湖南省祁东县步云桥镇鳌鱼村8组', '40027'),
('090512', '0905', '刘冰', '女', '湖南', '汉', '高中', '33406', '13762992160', '150141007950.:', '431103199106175121', '湖南省永州市冷水滩区高溪市镇普口村井塘冲组236号', '40027'),
('090513', '0905', '雷超', '男', '湖南', '汉', '高中', '32994', '13874695270', '13423798702', '431126199005019036', '湖南省宁远县禾亭镇禾亭村10组', '40027'),
('090514', '0905', '梁博', '男', '湖南', '汉', '高中', '33086', '13973480927', '15907491739', '431103199008012732', '湖南永州市冷水滩区岚角山镇进贤村', '40035'),
('090515', '0905', '曾凡', '男', '湖南', '汉', '高中', '32206', '15111600455', NULL, '431103198803043613', '湖南省永州市冷水滩区伊塘镇曾家村杨塘组', '40036'),
('090516', '0905', '曾媛', '女', '湖南', '汉', '高中', '33265', '15111600455', NULL, '43110319910127362X', '湖南省永州市冷水滩区伊塘镇曾家村杨塘组', '40036'),
('090517', '0905', '李文艳', '女', '湖南', '汉', '高中', '33213', '0746-8547095', NULL, '431103199012062425', '湖南省永州市冷水滩区上玲桥镇双水村', '40036'),
('090518', '0905', '刘珍', '女', '湖南', '汉', '高中', '33209', '15897495719', '13243676470', '431103199012020022', '湖南省永州市冷水滩区下河线120号', '40036'),
('090519', '0905', '吴昊', '男', '湖南', '汉', '高中', '33442', '15211638485', '15112501481', '431102199107233016', '湖南省永州市零陵区芝麻坪路6号', '40038'),
('090520', '0905', '魏文俊', '男', '湖南永州', '汉', '高中', '32825', '15869967593', NULL, '43110319891113335X', '湖南省永州市冷水滩区竹山桥镇青山村', '39991'),
('090521', '0905', '阳砖', '男', '湖南永州', '汉', '高中', '33507', '13690418086', '15088038013', '431103199109266934', '湖南省永州市冷水滩区普利桥镇企塘冲村', '40041'),
('090522', '0905', '蒋真伟', '男', '湖南永州', '汉', '高中', '32580', '15088199758', '13657462427', '431124198903136317', '湖南省永州市道县蚣坝镇洪家垒村5组', '40044'),
('090523', '0905', '郭祚武', '男', '湖南永州', '汉', '高中', '33131', '13349667472', NULL, '431103199009156914', '湖南省永州市冷水滩区普利桥镇小里桥村上升组471号', '40041'),
('090524', '0905', '钟香月', '女', '湖南永州', '汉', '高中', '33130', '0746-8517319', NULL, '431103199009145748', '湖南永州冷水滩黄阳司水口桥镇田坝塘村庙边院组', '40038'),
('090525', '0905', '刘玉茹', '女', '湖南永州', '汉', '高中', '33202', '0755-2983181', '13822944412', '445221199011251666', '广东省揭东县霖磐镇居委', '40042'),
('090526', '0905', '马琛', '男', '湖南永州', '汉', '高中', '32885', '15274658263', '13530845877', '43110319900112335X', '湖南省永州市冷水滩区竹山桥镇沿河村161号', '40042'),
('090527', '0905', '陈璐娜', '女', '湖南永州', '汉', '高中', '33451', NULL, NULL, '431126199108016225', '湖南省宁远县中和镇坝眼村5组', '40046'),
('090528', '0905', '乐平', '男', '湖南永州', '汉', '高中', '33163', '13874369061', '15074661286', '431126199010170013', '湖南省宁远县舜陵镇乐家村1组', '40047'),
('090529', '0905', '蒋慧鑫', '男', '湖南', '汉', '高中', '33041', '07468328209', '15111664293', '43110319900617093X', '湖南省永州市冷水滩区百业街94号', NULL),
('090530', '0905', '唐启亮', '男', '湖南永州', '汉', '高中', NULL, NULL, NULL, '431103198910071839', '湖南永州冷水滩区仁湾镇横冲村433号', '40047'),
('090601', '0906', '彭婷', '女', '湖南永州', '汉', '高中', '33380', NULL, '13537559217', '431103199105222424', '湖南省永州市冷水滩区上岭桥镇石江桥村', '40048'),
('090602', '0906', '李红', '女', '湖南永州', '汉', '高中', '33426', NULL, '15012837805', '431126199107070844', '湖南省宁远县舜陵镇振兴路23号', '40050'),
('090603', '0906', '罗丹', '女', '湖南永州', '汉', '高中', '33465', NULL, '13651479023', '431103199108155722', '湖南省永州市冷水滩区黄阳司镇大湾村凫鸭塘组', '40052'),
('090604', '0906', '申洋洋', '女', '湖南永州', '汉', '高中', '33239', NULL, '13570845360', '431122199101017641', '湖南省东安县井头圩镇齐心村4组', '40052'),
('090605', '0906', '何安', '男', '湖南永州', '汉', '高中', '32794', NULL, '13432957735', '431103198910131811', '湖南省永州市冷水滩区仁湾镇横冲村黄子塘组', '40053'),
('090606', '0906', '卢丽', '女', '江西九江', '汉', '高中', '33321', '13760290811', '13751063851', '36042419910324432X', '江西省九江市修水县港口镇坳上村八组', '40053'),
('090607', '0906', '李保平', '男', '湖南永州', '汉', '高中', '32671', NULL, '13590438640', '431122198906125135', '湖南省东安县鹿马桥镇李家湾村2组', '40054'),
('090608', '0906', '唐红艳', '女', '湖南永州', '汉', '高中', '33517', '15211616258', '15013759947', '431103199110064248', '湖南省永州市冷水滩区蔡市镇三龙塘村', '40056'),
('090609', '0906', '许双飞', '女', '江西九江', '汉', '高中', '33275', NULL, '13530767431', '360424199102065522', '江西省九江市修水县何市镇下田铺村关山嘴五组126号', '40056'),
('090610', '0906', '吕连云', '女', '湖南永州', '汉', '高中', '33039', '07468796972', '13787647544', '431103199006156943', '湖南省永州市冷水滩区普里桥镇八井村邓家组9号', '40058'),
('090611', '0906', '王欣', '男', '湖南永州', '汉', '高中', '33535', NULL, '13428850246', '43110319911024031X', '湖南省永州市冷水滩区肉食品厂3栋', '40057'),
('090612', '0906', '冯家珍', '女', '湖南永州', '汉', '高中', '32834', '07468521163', '15919408160', '431103198911226927', '湖南省永州市冷水滩区普里桥镇宽公村庙山组', '40063'),
('090613', '0906', '周婷', '女', '湖南永州', '汉', '高中', '33148', '13467974578', '13549696312', '43112219901002386X', '湖南省东安县井头圩镇井北路16号', '40060'),
('090614', '0906', '张仕明', '男', '湖南永州', '汉', '高中', '33118', NULL, '15074691811', '431103199009023353', '湖南省永州市冷水滩区竹山桥镇竹山桥村朱上组', '40071'),
('090615', '0906', '陈志文', '男', '湖南永州', '汉', '高中', '33040', '13174268582', '13480750332', '431103199006163633', '湖南省永州市冷水滩区伊塘镇孟公山村皮里组212号', '40059'),
('090616', '0906', '张帆', '男', '广东潮州', '汉', '高中', '33010', NULL, '13420984331', '445102199005176351', '广东省潮州市湘桥区意溪镇橡埔村会馆顶路19号', '40061'),
('090617', '0906', '宋亚平', '男', '湖南永州', '汉', '高中', '31267', NULL, '13414428841', '431128198508085519', '湖南省新田县三井乡车头水村4组', '40071'),
('090618', '0906', '邓佩培', '男', '湖南永州', '汉', '高中', '33370', '15307465026', '13927488192', '431103199105122714', '湖南省永州市冷水滩区岚角山镇粮站宿舍', '40071'),
('090619', '0906', '肖绍丽', '女', '湖南永州', '汉', '高中', '32984', '07467691381', '15118140640', '431126199004215027', '湖南省宁远县禾亭镇永佳村6组', '40065'),
('090620', '0906', '王刚', '男', '广东深圳', '汉', '高中', '31659', NULL, NULL, '330283198609040016', NULL, NULL),
('090621', '0906', '秦时雨', '男', '湖南永州', '汉', '高中', '33198', NULL, '无', '431102199011215112', '湖南省永州市零陵区黄田铺镇', NULL),
('090622', '0906', '魏书光', '男', '湖南永州', '汉', '高中', '30932', NULL, '13537653897', '431124198409070017', '湖南省永州市道县道江镇民生街', NULL),
('090623', '0906', '刘竹军', '男', '湖南', '汉', '高中', '32969', '13874362956', NULL, '431103199004065116', '湖南省永州市冷水滩区马坪开发区马坪村394组', '40001'),
('100101', '1001', '李小乙', '男', '湖南', '汉', '高中', '92.11.05', '13549299807', '15814320608', '431103199211052430', '广东省东莞市企石镇东平村', '3月3日'),
('100102', '1001', '苏和平', '男', '山西', '汉', '本科', '1984.07.19', '13546094126', '13713996846', '140624198407193512', '山西省朔州怀仁金沙滩田庄村', '3月2日'),
('100103', '1001', '柏阳辉', '男', ' 湖南', '汗', '高中', '1990.12.08', '无', '13129850872', '431124199012087915', '湖南省永州市道县乐福堂乡龙村5组', NULL),
('100104', '1001', '邓旭', '男', '湖南', '汉', '高中', '1992.5.21', '13789221877', '13874750949', '431103199205213613', '湖南省永州市冷水滩区伊塘镇长木塘村', '3月2日'),
('100105', '1001', '胡翔   ', '男', '湖南 ', '汉 ', '中专', '1991.7.28', '18797713261', '13714571352', '431103199107282412', '湖南省永州市冷水滩区副食加工厂', '3月2号'),
('100106', '1001', '李强', '男', '湖南', '汉', '高中', '90.9.23', NULL, '13410196263', '431124199009234216', '广东深圳宝安区福永镇桥头村', '3月2日'),
('100107', '1001', '刘升', '男 ', '湖南', '男 ', '高中  ', '1991.7.8', '13787639853', '13554928527', '431103199107083317', '湖南省永州市竹山桥镇刘家村', '3月2日'),
('100108', '1001', '汤眺升', '男', '永州', '汉', '高中', '1990.11.26', '0746-8445067', '13410051457', '431103199011261318', '湖南省永州市冷水滩区通化街235号', '3月3日'),
('100109', '1001', '唐飞', '男', '湖南', '汉', '高中', '1989.1.17', '15958322593', '13510587541', '431103198901172435', '湖南省永州市冷水滩区上岭桥镇湾里村', '3月2日'),
('100110', '1001', '夏立波', '男', '湖南', '汉', '高中', '1989.12', '0737-7333901', NULL, '430923198912223216', '湖南省安化县羊角塘镇铁炉村尾山组', '3月2日'),
('100111', '1001', '杨勇辉', '男', '湖南', '汉', '高中', '1990.8.21', '13714236034', NULL, '4.31102199008217E+', '湖南省永州市零陵区水口山', '3月11日'),
('100112', '1001', '周小桃', '男 ', '湖南', '汉', '高中', '1989.1.4', '0746-5488099', '13178745889', '43112419890104817x', ' 湖南省永州市道县寿雁', '3月2日'),
('100113', '1001', '周玉军     ', '男 ', '湖南 ', '汉', '高中', '1989.10.17', '15897495617', '13691810615', '431103198910178759', '湖南省永州市冷水滩区杨村甸乡堆子头村', '3月3日'),
('100114', '1001', '魏双军', '男', '永州', '汉', '本科', '1985.12.12', '15874632049', '13590106246', '431103198512125715', '湖南省永州市冷水滩区黄阳司镇八亩丘村罗壳塘组', '3月3日'),
('100115', '1001', '阳飞华', '男', '湖南', '汉', '高中', '1992.10.5', '15967570147', '13537749082', '431103199210055111', '湖南永州冷水滩高溪市、', '3月1日'),
('100116', '1001', '李梦利 ', '男', '湖南', '汉', '高中', '89.11.18', NULL, '13974606614', '431103198911093319', '湖南省永州市冷水滩区竹山桥镇大塘村六组', '3月2日'),
('100117', '1001', '朱哲', '男', '湖南', '汉', '高中', '1993.3.21', '0736-2369278', '13077894641', '430772199303215891', '湖南省常德市汉寿县东岳庙乡燕窝村', '3月2日'),
('100118', '1001', '唐建南', '男', '永州', '汉', '本科', '1985.1.7', NULL, '13528845091', '431103198501075118', '湖南永州冷水滩菱角山二巷', '3月15日'),
('100119', '1001', '王博文', '男', '湖南', '汉', '高中', '1990.8.15', '13707460108', '15118072011', '43110319900815161X', '湖南永州冷水滩L零陵北路', '3月14日'),
('100120', '1001', '曾盼', '女', '湖南', '汉', '高中', '1991.12.18', '15919888278', '13534054451', '430525199112184525', '湖南省邵阳市洞口县', '3月10日'),
('100121', '1001', '伍元平', '男', '湖南', '汉', '高中', '1991-10-16', '0746-8211500', '0', '431103199110165110', '湖南省永州市冷水滩区珊瑚市场建材市场', '3月18日'),
('Lxit00', 'Lxit', '罗涛', '男', '湖南', '汉', '本科', '1980-12-23', '0755-2952282', '13823265866', '432902198112235737', '深圳宝安环观中路20号', '0'),
('090625', '0906', '唐黎', '男', '湖南永州', '汉', '高中', '0', '0', '0', '0', '0', '0'),
('Lxit02', 'lxit', '朱文胜', '男', '湖南', '汉', '本科', '0', '0755-2952282', '15994715028', '0', '深圳宝安观澜环观中路20号', '0'),
('Lxit03', 'lxit', '张有琳', '男', '甘肃', '汉', '本科', '0', '0755-2952282', '13723710515', '0', '深圳宝安观澜环观中路20号', '0'),
('Lxit05', 'lxit', '张新亮', '男', '海南', '汉', '本科', '0', '0755-2952282', '13544075494', '0', '深圳宝安观澜环观中路20号', '0'),
('Lxit06', 'lxit', '谢路炉', '男', '广东', '汉', '本科', '0', '0755-2952282', '13723550897', '0', '深圳宝安观澜环观中路20号', '0'),
('Lxit07', 'lxit', '蒋小英', '女', '湖南', '汉', '本科', '0', '0755-2952282', '15813815430', '0', '深圳宝安观澜环观中路20号', '0'),
('Lxit08', 'lxit', '聂俊中', '男', '河南', '汉', '本科', '0', '0755-2952282', '13689540034', '0', '深圳宝安观澜环观中路20号', '0'),
('Lxit09', 'lxit', '毛凌', '女', '湖南', '汉', '本科', '0', '0755-2952282', '13501588626', '0', '深圳宝安观澜环观中路20号', '0'),
('100122', '1001', '刘兰兰', '女', '湖南永州', '汉', '大专', '1990-4-7', '18707428376', '15111288608', '43110319900407512X', '湖南省永州市冷水滩区', '3-29'),
('100123', '1001', '王广', '男', '湖南衡阳', '汉', '中专', '0', '0', '0', '0', '湖南省衡阳市', '0');

-- --------------------------------------------------------

--
-- 表的结构 `studentdev`
--

CREATE TABLE IF NOT EXISTS `studentdev` (
  `id` varchar(20) NOT NULL,
  `classId` varchar(20) NOT NULL,
  `name` varchar(20) DEFAULT NULL,
  `sex` varchar(9) DEFAULT NULL,
  `nativePlace` varchar(6) DEFAULT NULL,
  `nation` varchar(12) DEFAULT NULL,
  `education` varchar(6) DEFAULT NULL,
  `birth` varchar(12) DEFAULT NULL,
  `telephone` varchar(12) DEFAULT NULL,
  `mobilephone` varchar(21) DEFAULT NULL,
  `idcard` varchar(18) DEFAULT NULL,
  `homeaddress` varchar(66) DEFAULT NULL,
  `dateofenrollment` varchar(12) DEFAULT NULL,
  PRIMARY KEY (`id`)
) ENGINE=MyISAM DEFAULT CHARSET=utf8;

--
-- 转存表中的数据 `studentdev`
--

INSERT INTO `studentdev` (`id`, `classId`, `name`, `sex`, `nativePlace`, `nation`, `education`, `birth`, `telephone`, `mobilephone`, `idcard`, `homeaddress`, `dateofenrollment`) VALUES
('090102', '0901', '钱志文', '男', '湖南永州', '汉', '大专', '33184', NULL, '                     ', '431121199011076932', '湖南省永州市祁阳县大村甸镇五塘冲村8组', '39904'),
('090103', '0901', '兰丽', '女', '四川', '汉', '高中', '31510', '15019401964', NULL, '513901198404085341', '四川省资阳市雁江区南津镇刘家村七组', '39911'),
('090104', '0901', '朱江南', '男', '湖南永州', '汉', '高中', '32346', '15116570769', '13751220328', '431103198807227831', '湖南省永州市冷水滩区', '39926'),
('090105', '0901', '文亚明', '男', '湖南永州', '汉', '高中', '33095', '13640658346', NULL, '431103199008103618', '湖南省永州市冷水滩区伊塘镇鼎星观六组', '39981'),
('090106', '0901', '周芳鹏', '男', '湖南永州', '汉', '高中', '32798', '13874619438', NULL, '431103198910178732', '湖南省永州市冷水滩区杨村甸乡堆子头村石板塘组', '39981'),
('090107', '0901', '邓亮', '男', '湖南永州', '汉', '高中', '33148', '13554840606', '13874614347', '431103199010024257', '湖南省永州市冷水滩区蔡市镇邓家铺村委会148号', '39981'),
('090108', '0901', '吕简荣', '男', '湖南永州', '汉', '高中', '32428', '13607461100', '13874673015', '431103198810126978', '湖南省永州市冷水滩区普利桥镇歧山村', '39981'),
('090109', '0901', '贺善云', '男', '湖南永州', '汉', '高中', '32444', '0746-6619076', NULL, '431102198810283870', '湖南省永州市零陵区邮亭圩镇', '39981'),
('090110', '0901', '谢小星', '男', '湖南永州', '汉', '高中', '33129', '13874602386', NULL, '431103199009130052', '湖南省永州市冷水滩区仁湾镇台头村185号', '39981'),
('090111', '0901', '李辉', '男', '湖南永州', '汉', '高中', '33561', '13874614475', NULL, '431103199111192436', '湖南省永州市冷水滩区上岭桥镇双水村12组', '39981'),
('090112', '0901', '唐特', '男', '湖南永州', '汉', '高中', '32704', NULL, '13028891735', '431103198908152419', '湖南省永州市冷水滩区上岭桥镇', '39981'),
('090113', '0901', '周耀', '男', '湖南永州', '汉', '高中', '33018', '15116697958', NULL, '431103199005251631', '湖南省永州市冷水滩区四丘田平冶塘', '39981'),
('090114', '0901', '吕海', '男', '湖南永州', '汉', '高中', '33220', '15907484466', NULL, '431103199012136914', '湖南省永州市冷水滩区普利桥八井村上三组', '39981'),
('090115', '0901', '何雪彦', '女', '湖南永州', '汉', '高中', '32837', '13807430107', '13187107660', '431103198911251620', '湖南省永州市冷水滩区珊瑚乡四丘田村平治塘组', '39981'),
('090116', '0901', '黎曦', '男', '湖南永州', '汉', '高中', '33146', '15574668790', NULL, '500233199009302610', '湖南省永州市岗角山镇', '39981'),
('090117', '0901', '周顺龙', '男', '湖南永州', '汉', '高中', '33095', '07468661108', '13972491782', '431103199008108734', '湖南省永州市冷水滩区杨村甸乡洛江路1号', '39981'),
('090118', '0901', '王海', '男', '湖南永州', '汉', '高中', '32983', '13537039722', NULL, '431103199004205131', '湖南省永州市冷水滩区马坪开发区二皇庙村', '39981'),
('090119', '0901', '王锡勇', '男', '湖南永州', '汉', '高中', '33074', '13670213176', NULL, '431103199007206857', '湖南省永州市普里镇邪杉木桥双合村8组', '39981'),
('090120', '0901', '蒋启云', '女', '湖南永州', '汉', '高中', '33345', '13574621278', NULL, '431103199104172429', '湖南省永州市冷水滩区上岭桥镇彦参塘村四组', '39981'),
('090121', '0901', '李金宏', '男', '湖南永州', '汉', '高中', '33120', '7468718371', NULL, '431103199009044218', '湖南省永州市冷水滩区蔡市镇樟兜庙村虎三组', '39981'),
('090122', '0901', '欧芝誉', '男', '湖南永州', '汉', '高中', '33344', '13974618260', '15116689445', '431103199004165117', '湖南省永州市冷水滩区马坪开发区', '39981'),
('090123', '0901', '周振国', '男', '湖南邵阳', '汉', '高中', '33193', '13530227936', NULL, '430525199011166133', '湖南省洞口县石江镇大塘村合塘组', '39981'),
('090124', '0901', '王娟', '女', '湖南永州', '汉', '高中', '33636', '8712082', '13378963029', '500233199202022644', '湖南省永州市岚角山镇新田前八组', '39981'),
('090125', '0901', '李赛', '女', '湖南永州', '汉', '高中', '33341', NULL, '15889676957', '431103199104132427', '湖南省永州市冷水滩区上岭桥镇双水村', '39981'),
('090126', '0901', '李亚丹', '女', '湖南永州', '汉', '高中', '33765', '13135228278', '15889676879', '431103199206102421', '湖南省永州市上岭桥镇双水村', '39983'),
('090127', '0901', '蒋蓉', '女', '湖南永州', '汉', '高中', '33194', '0746-8450017', '15118090455', '431103199011170029', '湖南省永州市冷水滩区中泰公司', '39992'),
('090128', '0901', '周美玲', '女', '湖南永州', '汉', '高中', '33470', '13049835099', '13974669089', '431124199108200345', '深圳市布吉中海怡翠山庄第十三栋', '39997'),
('090301', '0903', '周云霞', '女', '湖南', '汉', '高中', '32911', '13434044677', NULL, '431103199002075724', '湖南省永州市冷水滩区黄阳司镇郝皮桥乡专冲组曹门口组', '40001'),
('090201', '0902', '肖黎', '男', '湖南东安', '汉', '高中', '33072', '15907464950', NULL, '431122199007187636', '湖南省东安县大盛镇斗山村2组', '39981'),
('090202', '0902', '钟国林', '男', '湖南永州', '汉', '高中', '33039', '13637466522', NULL, '431103199006155713', '湖南省永州市黄阳司镇田坝塘村新划组', '39981'),
('090203', '0902', '唐任贤', '男', '湖南永州', '汉', '高中', '33192', '7468450086', '15012706979', '431103199011151813', '湖南省永州市冷水滩区横冲村', '39981'),
('090204', '0902', '张文军', '男', '湖南永州', '汉', '高中', '33141', '15111664186', NULL, '431103199009253618', '湖南省永州市冷水滩区伊塘镇双江村7组', '39981'),
('090205', '0902', '王科', '男', '湖南永州', '汉', '高中', '33048', '15200981706', NULL, '431103199006242438', '湖南省永州市冷水滩区上岭桥镇龙塘村委会', '39981'),
('090206', '0902', '柏纬剑', '男', '湖南永州', '汉', '高中', '33204', '13874770830', NULL, '43112119901127471X', '湖南省祁阳县潘江市镇双江村7组', '39981'),
('090207', '0902', '刘孟迪', '男', '湖南永州', '汉', '高中', '32902', '0746-8682168', NULL, '431103199001293615', '湖南省永州市冷水滩区伊塘镇新圩村刘家组', '39981'),
('090208', '0902', '肖伟峰', '男', '湖南永州', '汉', '高中', '33151', '13469376002', NULL, '431103199010050017', '湖南省永州市冷水滩区零陵本路784号', '39981'),
('090209', '0902', '刘志军', '男', '湖南永州', '汉', '高中', '33384', NULL, NULL, '431103199105260615', '湖南省永州市冷水滩区江湾镇刘家村双坝塘组30号', '39981'),
('090210', '0902', '潘香枚', '女', '湖南永州', '汉', '高中', '32807', '13874706881', NULL, '431103198910266943', '湖南省永州市冷水滩区普利桥镇石子塘村新岭组', '39981'),
('090211', '0902', '严根花', '男', '湖南永州', '汉', '高中', '32796', NULL, '15974061383', '431103198910151855', '湖南省永州市冷水滩区仁湾镇龙江桥村69号', '39981'),
('090212', '0902', '胡建军', '男', '湖南永州', '汉', '高中', '33154', '13037499928', '15807469037', '43110319901008361X', '湖南省永州市冷水滩区伊塘镇新圩村', '39981'),
('090213', '0902', '钟勇波', '男', '湖南永州', '汉', '高中', '33169', '0746-8795761', NULL, '431103199010234211', '湖南省永州市冷水滩区蔡市镇巴洲滩村143号', '39981'),
('090214', '0902', '赵承刚', '男', '湖南永州', '汉', '高中', '32729', '15857237275', NULL, '431103198908098717', '湖南省永州市冷水滩区善利桥镇杨村甸乡黄茶元村', '39981'),
('090215', '0902', '吕美红', '女', '湖南永州', '汉', '高中', '32917', '15807489900', NULL, '431103199002137825', '湖南省永州市冷水滩区花桥街镇新铺村五组105号', '39981'),
('090216', '0902', '陈衡', '女', '湖南永州', '汉', '高中', '32982', '13762990922', NULL, '431103199004192422', '湖南省永州市冷水滩区上岭桥镇八宝岭村', '39981'),
('090217', '0902', '彭亮', '男', '湖南永州', '汉', '高中', '33031', '07468799442', '15074664197', '431103199006075115', '湖南省永州市冷水滩马坪开发区二皇庙村', '39981'),
('090218', '0902', '王伟', '女', '湖南永州', '汉', '高中', '33155', '13135273116', NULL, '431103199010094220', '湖南省永州市冷水滩区蔡市镇老埠头村120号', '39981'),
('090219', '0902', '周明', '男', '湖南永州', '汉', '高中', '33286', '27204379', '13164714579', '431124199102176356', '湖南省道县蚣坝镇沿河塘村4组', '39996'),
('090220', '0902', '陈斌', '男', '湖南永州', '汉', '高中', '33199', '15874611756', NULL, '431103199011223311', '湖南省永州市冷水滩区竹山桥镇大坝头村拱桥组', '39991'),
('090221', '0902', '蒋玉龙', '男', '湖南永州', '汉', '高中', '33020', '13423770746', NULL, '431103199005275115', '湖南省永州市冷水滩区高溪市镇排山塘村庙湾组', '39981'),
('090222', '0902', '蒋玉纲', '男', '湖南永州', '汉', '高中', '33280', '13974618327', NULL, '431103199102112430', '湖南省永州市冷水滩区上岭桥镇龙庆塘村', '39981'),
('090223', '0902', '唐丰', '男', '湖南永州', '汉', NULL, NULL, NULL, NULL, '431122199012056112', '湖南省东安县芦洪市镇犁头嘴村6组', '39981'),
('090224', '0902', '艾保荣', '男', '湖南永州', '汉', '高中', '32895', '13974677017', NULL, '431103199001228418', '湖南省永州市冷水滩区牛角坝长冲村老屋组', '39991'),
('090225', '0902', '周伟兴', '男', '湖南永州', '汉', '高中', '33120', '13652440441', NULL, '430525199009046159', '湖南省邵阳市洞口县石江镇大塘村大塘组3号', '39996'),
('090226', '0902', '张春雪', '女', '湖南永州', '汉', '高中', '33323', '07467468458', '13423901947', '431126199103263227', '湖南省永州市宁远县冷水镇新张家村8组', '39993'),
('090624', '0906', '明珍珠', '女', '湖南永州', '汉', '高中', '32735', '13100260737', '15817412204', '431103198908155144', '湖南省永州市冷水滩区高溪市镇香馥坝村84号', '39991'),
('090228', '0902', '屈慧慧', '女', '湖南永州', '汉', '高中', '33199', '13874619587', NULL, '431103199011223629', '湖南省永州市冷水滩区伊塘镇柏树脚组205号', '39981'),
('090229', '0902', '尹忠亮', '男', '湖南永州', '汉', '高中', '32790', '15111699638', NULL, '431103198910093616', '湖南省永州市冷水滩区伊塘镇小塘村392号', '39981'),
('090230', '0902', '张海华', '男', '湖南永州', '汉', '高中', '32799', '13874685125', NULL, '431122198910185819', '湖南省永州市东安县鹿马镇金江水库', '39981'),
('090231', '0902', '王杰', '男', '湖南永州', '汉', '高中', '33276', '15869976038', NULL, '431103199102071835', '湖南省永州市冷水滩区仁湾镇金木塘村', '39981'),
('090302', '0903', '唐亚国', '男', '湖南', '汉', '高中', '33211', '8721018', '13530733400', '431103199012042715', '湖南省永州市冷水滩区岚角山镇武塘村11组219号', '40001'),
('090303', '0903', '吕枚', '女', '湖南', '汉', '高中', '33075', NULL, '13787603631', '431103199007216944', '湖南省永州市冷水滩区普里桥镇关草村八组', '40001'),
('090304', '0903', '谌志勇', '男 ', '湖南', '汉', '高中', '33702', '13187102479', '15118087611', '431103199204086915', '湖南省永州市冷水滩区普里桥镇小水村下澎家组370号', '40001'),
('090305', '0903', '吕涛', '男', '湖南', '汉', '高中', '33461', '15074629645', '15074629645', '431101199108117814', '湖南省永州市冷水滩区花桥街镇石垻村六组57号', '40001'),
('090306', '0903', '许龙', '男', '湖南', '汉', '高中', '33181', '07468747051', '15118087610', '431103199011044217', '湖南省永州市冷水滩区蔡市大园山村84号', '40001'),
('090307', '0903', '李文龙', '男', '湖南', '汉', '高中', '33062', '07468547229', NULL, '431103199007082413', '湖南省永州市冷水滩区上岭桥镇双水村一组', '40001'),
('090308', '0903', '王振', '男', '湖南', '汉', '高中', '33333', '13874753902', NULL, '431121199104056535', '湖南省祁阳县七里桥镇曾家湾10组', '40001'),
('090309', '0903', '艾文华', '男', '湖南', '汉', '高中', '33438', '13874708529', '13874708529', '431103199107195116', '湖南省永州市冷水滩区高溪市镇香馥坝村', '40001'),
('090310', '0903', '周柏青', '男', '湖南', '汉', '高中', '33284', '07468667013', '13874758107', '431103199102157815', '湖南省永州市冷水滩区花桥街镇枫木井村96号', NULL),
('090311', '0903', '杨博', '男', '湖南', '汉', '高中', '32883', '15869975178', '13423834606', '431103199001106912', '湖南省永州市冷水滩区普里桥镇普利街利街38号', NULL),
('090312', '0903', '杨纯俊', '男', '湖南', '汉', '高中', '32817', NULL, NULL, '431122198911055119', '湖南省永州市东安县鹿马桥镇金江村4组', NULL),
('090313', '0903', '欧道伟', '男', '湖南', '汉', '高中', '32871', '0746-8647836', '13690189015', '431103198912295115', '湖南省永州市冷水滩高溪市镇欧家村3号', NULL),
('090314', '0903', '李亦成', '女', '湖南', '汉', '高中', '33400', '13874702948', '13714558755', '431103199106212420', '湖南省永州市冷水滩上岭镇东村村', NULL),
('090315', '0903', '左丹娜', '女', '湖南', '汉', '高中', '33308', '0746-8442286', '15116500870', '431103199103110621', '湖南省永州市冷水滩区狮岩路28号', NULL),
('090316', '0903', '伍学军', '男', '湖南', '汉', '高中', '33095', '13790013850', '15813473124', '431103199008108435', '湖南省永州市冷水滩牛角坝镇湘山街180号', NULL),
('090317', '0903', '唐培兴', '男', '广西', '汉', '高中', '33144', '13787649376', '15112425824', '450324199009284612', '广西省桂林市全州县石塘镇沛田村委沛田村01-111号', NULL),
('090318', '0903', '周杰', '男', '湖南', '汉', '高中', '33251', '0757-8035508', '13874691035', '431103199101136916', '湖南省永州市冷水滩区普利桥镇长冲村周家组', NULL),
('090319', '0903', '唐娟', '女', '湖南', '汉', '高中', '33277', '0746-8213449', '13874623866', '430426199102230963', '湖南省祁东县白鹤铺镇唐家下唐组', NULL),
('090320', '0903', '曾艳华', '女', '湖南', '汉', '高中', '32209', '13762978266', '13762978266', '431103198803073329', '湖南省永州市冷水滩区竹山桥镇群勇村', NULL),
('090321', '0903', '龚如艳', '女', '湖南', '汉', '高中', '33209', '13874772514', NULL, '43110319901202332X', '湖南省永州市冷水滩区竹山桥镇渲溪村老屋组209号', NULL),
('090322', '0903', '柏阳辉', '男', '湖南', '汉', '高中', '33215', NULL, NULL, '431124199012087915', '湖南省永州市道县乐福堂乡龙村5组', NULL),
('090323', '0903', '李波', '男', '湖南', '汉', '高中', '33195', '13524180569', '13564766359', '431103199011188712', '湖南省永州市冷水滩区杨村甸乡贯子头村', NULL),
('090324', '0903', '郭涌', '男', '湖南', '汉', '高中', '33343', NULL, '15112421319', '431103199104154212', '湖南省永州市冷水滩区蔡市镇虾塘村', NULL),
('090325', '0903', '阳斌', '男', '湖南', '汉', '高中', '33448', NULL, '13410854618', '431103199107297817', '湖南省永州市冷水滩区花桥街镇江西佃村下青组374号', NULL),
('090326', '0903', '黄海涛', '男', '江西', '汉', '高中', '33239', NULL, NULL, '360735199101011616', '江西省赣州市石城县琴江镇濯坑村岭子组108号', NULL),
('090327', '0903', '唐云辉', '男', '湖南', '汉', '高中', '32661', '13574661503', '13117465564', '431102198906026254', '湖南省永州市零陵区石岩头镇西头村七组', NULL),
('090328', '0903', '雷轩', '男', '湖南', '汉', '高中', '32947', '0746-4412440', '13535263750', '431122199003157114', '湖南省永州市东安县花桥镇花山居委会1组', NULL),
('090329', '0903', '欧山青', '男', '湖南', '汉', '高中', '32737', '15807492029', NULL, '431126198908170058', '湖南省永州市宁远县欧家村9组', NULL),
('090330', '0903', '黎明', '男', '湖南', '汉', '高中', '32002', '0746-8712005', NULL, '500233198708132619', '湖南省永州市冷水滩区岚角山镇长塘角村七组27号', NULL),
('090501', '0905', '陶建', '男', '湖南', '汉', '高中', '33320', '13874398572', '13026683537', '431103199103235715', '湖南省永州市冷水滩区沿江路169号', '40021'),
('090502', '0905', '何文辉', '男', '湖南', '汉', '高中', '33521', '0746-8229827', '13787646531', '431103199110101619', '湖南省永州市冷水滩区珊瑚乡四丘田村鲁塘组', '40020'),
('090503', '0905', '郑萍玲', '女', '广东', '汉', '高中', '32576', '0754-8221201', '13417445460', '440582198903092066', '广东省汕头市潮南区陇田镇', '40021'),
('090504', '0905', '蒋长春', '男', '湖南', '汉', '高中', '32872', '13607464948', NULL, '431122198912303858', '湖南省永州市东安县井头镇', '40020'),
('090505', '0905', '刘欢', '男', '湖南', '汉', '高中', '32803', NULL, NULL, '431103198910228736', '湖南省永州市冷水滩区仁湾镇', '40025'),
('090506', '0905', '黎平', '女', '湖南', '汉', '高中', '32280', '0746-8712065', '13670041799', '500233198805172620', '湖南省永州市冷水滩区岚角山', '25009-7-24'),
('090507', '0905', '周志成', '男', '湖南', '汉', '高中', '33410', '15974060266', NULL, '431103199106212412', '湖南省永州市冷水滩', '25009-7-24'),
('090508', '0905', '彭安军', '男', '湖南', '汉', '高中', '32509', '13467976456', '15876474210', '431124198901016311', '湖南省永州市道县蚣坝后江桥', '40028'),
('090509', '0905', '熊江良', '男', '湖南', '汉', '高中', '33240', '13874702543', NULL, '431103199101025116', '湖南省永州市冷水滩湖塘东路158号', '40027'),
('090510', '0905', '蒋丽云', '女', '湖南', '汉', '高中', '33093', '0746-8796609', NULL, '431103198708108423', '湖南省永州市冷水滩区牛角坝蒋家组281号', '40027'),
('090511', '0905', '周润伍', '男', '湖南', '汉', '高中', '32994', '13974623226', NULL, '430426199005017212', '湖南省祁东县步云桥镇鳌鱼村8组', '40027'),
('090512', '0905', '刘冰', '女', '湖南', '汉', '高中', '33406', '13762992160', '150141007950.:', '431103199106175121', '湖南省永州市冷水滩区高溪市镇普口村井塘冲组236号', '40027'),
('090513', '0905', '雷超', '男', '湖南', '汉', '高中', '32994', '13874695270', '13423798702', '431126199005019036', '湖南省宁远县禾亭镇禾亭村10组', '40027'),
('090514', '0905', '梁博', '男', '湖南', '汉', '高中', '33086', '13973480927', '15907491739', '431103199008012732', '湖南永州市冷水滩区岚角山镇进贤村', '40035'),
('090515', '0905', '曾凡', '男', '湖南', '汉', '高中', '32206', '15111600455', NULL, '431103198803043613', '湖南省永州市冷水滩区伊塘镇曾家村杨塘组', '40036'),
('090516', '0905', '曾媛', '女', '湖南', '汉', '高中', '33265', '15111600455', NULL, '43110319910127362X', '湖南省永州市冷水滩区伊塘镇曾家村杨塘组', '40036'),
('090517', '0905', '李文艳', '女', '湖南', '汉', '高中', '33213', '0746-8547095', NULL, '431103199012062425', '湖南省永州市冷水滩区上玲桥镇双水村', '40036'),
('090518', '0905', '刘珍', '女', '湖南', '汉', '高中', '33209', '15897495719', '13243676470', '431103199012020022', '湖南省永州市冷水滩区下河线120号', '40036'),
('090519', '0905', '吴昊', '男', '湖南', '汉', '高中', '33442', '15211638485', '15112501481', '431102199107233016', '湖南省永州市零陵区芝麻坪路6号', '40038'),
('090520', '0905', '魏文俊', '男', '湖南永州', '汉', '高中', '32825', '15869967593', NULL, '43110319891113335X', '湖南省永州市冷水滩区竹山桥镇青山村', '39991'),
('090521', '0905', '阳砖', '男', '湖南永州', '汉', '高中', '33507', '13690418086', '15088038013', '431103199109266934', '湖南省永州市冷水滩区普利桥镇企塘冲村', '40041'),
('090522', '0905', '蒋真伟', '男', '湖南永州', '汉', '高中', '32580', '15088199758', '13657462427', '431124198903136317', '湖南省永州市道县蚣坝镇洪家垒村5组', '40044'),
('090523', '0905', '郭祚武', '男', '湖南永州', '汉', '高中', '33131', '13349667472', NULL, '431103199009156914', '湖南省永州市冷水滩区普利桥镇小里桥村上升组471号', '40041'),
('090524', '0905', '钟香月', '女', '湖南永州', '汉', '高中', '33130', '0746-8517319', NULL, '431103199009145748', '湖南永州冷水滩黄阳司水口桥镇田坝塘村庙边院组', '40038'),
('090525', '0905', '刘玉茹', '女', '湖南永州', '汉', '高中', '33202', '0755-2983181', '13822944412', '445221199011251666', '广东省揭东县霖磐镇居委', '40042'),
('090526', '0905', '马琛', '男', '湖南永州', '汉', '高中', '32885', '15274658263', '13530845877', '43110319900112335X', '湖南省永州市冷水滩区竹山桥镇沿河村161号', '40042'),
('090527', '0905', '陈璐娜', '女', '湖南永州', '汉', '高中', '33451', NULL, NULL, '431126199108016225', '湖南省宁远县中和镇坝眼村5组', '40046'),
('090528', '0905', '乐平', '男', '湖南永州', '汉', '高中', '33163', '13874369061', '15074661286', '431126199010170013', '湖南省宁远县舜陵镇乐家村1组', '40047'),
('090529', '0905', '蒋慧鑫', '男', '湖南', '汉', '高中', '33041', '07468328209', '15111664293', '43110319900617093X', '湖南省永州市冷水滩区百业街94号', NULL),
('090530', '0905', '唐启亮', '男', '湖南永州', '汉', '高中', NULL, NULL, NULL, '431103198910071839', '湖南永州冷水滩区仁湾镇横冲村433号', '40047'),
('090601', '0906', '彭婷', '女', '湖南永州', '汉', '高中', '33380', NULL, '13537559217', '431103199105222424', '湖南省永州市冷水滩区上岭桥镇石江桥村', '40048'),
('090602', '0906', '李红', '女', '湖南永州', '汉', '高中', '33426', NULL, '15012837805', '431126199107070844', '湖南省宁远县舜陵镇振兴路23号', '40050'),
('090603', '0906', '罗丹', '女', '湖南永州', '汉', '高中', '33465', NULL, '13651479023', '431103199108155722', '湖南省永州市冷水滩区黄阳司镇大湾村凫鸭塘组', '40052'),
('090604', '0906', '申洋洋', '女', '湖南永州', '汉', '高中', '33239', NULL, '13570845360', '431122199101017641', '湖南省东安县井头圩镇齐心村4组', '40052'),
('090605', '0906', '何安', '男', '湖南永州', '汉', '高中', '32794', NULL, '13432957735', '431103198910131811', '湖南省永州市冷水滩区仁湾镇横冲村黄子塘组', '40053'),
('090606', '0906', '卢丽', '女', '江西九江', '汉', '高中', '33321', '13760290811', '13751063851', '36042419910324432X', '江西省九江市修水县港口镇坳上村八组', '40053'),
('090607', '0906', '李保平', '男', '湖南永州', '汉', '高中', '32671', NULL, '13590438640', '431122198906125135', '湖南省东安县鹿马桥镇李家湾村2组', '40054'),
('090608', '0906', '唐红艳', '女', '湖南永州', '汉', '高中', '33517', '15211616258', '15013759947', '431103199110064248', '湖南省永州市冷水滩区蔡市镇三龙塘村', '40056'),
('090609', '0906', '许双飞', '女', '江西九江', '汉', '高中', '33275', NULL, '13530767431', '360424199102065522', '江西省九江市修水县何市镇下田铺村关山嘴五组126号', '40056'),
('090610', '0906', '吕连云', '女', '湖南永州', '汉', '高中', '33039', '07468796972', '13787647544', '431103199006156943', '湖南省永州市冷水滩区普里桥镇八井村邓家组9号', '40058'),
('090611', '0906', '王欣', '男', '湖南永州', '汉', '高中', '33535', NULL, '13428850246', '43110319911024031X', '湖南省永州市冷水滩区肉食品厂3栋', '40057'),
('090612', '0906', '冯家珍', '女', '湖南永州', '汉', '高中', '32834', '07468521163', '15919408160', '431103198911226927', '湖南省永州市冷水滩区普里桥镇宽公村庙山组', '40063'),
('090613', '0906', '周婷', '女', '湖南永州', '汉', '高中', '33148', '13467974578', '13549696312', '43112219901002386X', '湖南省东安县井头圩镇井北路16号', '40060'),
('090614', '0906', '张仕明', '男', '湖南永州', '汉', '高中', '33118', NULL, '15074691811', '431103199009023353', '湖南省永州市冷水滩区竹山桥镇竹山桥村朱上组', '40071'),
('090615', '0906', '陈志文', '男', '湖南永州', '汉', '高中', '33040', '13174268582', '13480750332', '431103199006163633', '湖南省永州市冷水滩区伊塘镇孟公山村皮里组212号', '40059'),
('090616', '0906', '张帆', '男', '广东潮州', '汉', '高中', '33010', NULL, '13420984331', '445102199005176351', '广东省潮州市湘桥区意溪镇橡埔村会馆顶路19号', '40061'),
('090617', '0906', '宋亚平', '男', '湖南永州', '汉', '高中', '31267', NULL, '13414428841', '431128198508085519', '湖南省新田县三井乡车头水村4组', '40071'),
('090618', '0906', '邓佩培', '男', '湖南永州', '汉', '高中', '33370', '15307465026', '13927488192', '431103199105122714', '湖南省永州市冷水滩区岚角山镇粮站宿舍', '40071'),
('090619', '0906', '肖绍丽', '女', '湖南永州', '汉', '高中', '32984', '07467691381', '15118140640', '431126199004215027', '湖南省宁远县禾亭镇永佳村6组', '40065'),
('090620', '0906', '王刚', '男', '广东深圳', '汉', '高中', '31659', NULL, NULL, '330283198609040016', NULL, NULL),
('090621', '0906', '秦时雨', '男', '湖南永州', '汉', '高中', '33198', NULL, '无', '431102199011215112', '湖南省永州市零陵区黄田铺镇', NULL),
('090622', '0906', '魏书光', '男', '湖南永州', '汉', '高中', '30932', NULL, '13537653897', '431124198409070017', '湖南省永州市道县道江镇民生街', NULL),
('090623', '0906', '刘竹军', '男', '湖南', '汉', '高中', '32969', '13874362956', NULL, '431103199004065116', '湖南省永州市冷水滩区马坪开发区马坪村394组', '40001'),
('100101', '1001', '李小乙', '男', '湖南', '汉', '高中', '92.11.05', '13549299807', '15814320608', '431103199211052430', '广东省东莞市企石镇东平村', '3月3日'),
('100102', '1001', '苏和平', '男', '山西', '汉', '本科', '1984.07.19', '13546094126', '13713996846', '140624198407193512', '山西省朔州怀仁金沙滩田庄村', '3月2日'),
('100103', '1001', '柏阳辉', '男', ' 湖南', '汗', '高中', '1990.12.08', '无', '13129850872', '431124199012087915', '湖南省永州市道县乐福堂乡龙村5组', NULL),
('100104', '1001', '邓旭', '男', '湖南', '汉', '高中', '1992.5.21', '13789221877', '13874750949', '431103199205213613', '湖南省永州市冷水滩区伊塘镇长木塘村', '3月2日'),
('100105', '1001', '胡翔   ', '男', '湖南 ', '汉 ', '中专', '1991.7.28', '18797713261', '13714571352', '431103199107282412', '湖南省永州市冷水滩区副食加工厂', '3月2号'),
('100106', '1001', '李强', '男', '湖南', '汉', '高中', '90.9.23', NULL, '13410196263', '431124199009234216', '广东深圳宝安区福永镇桥头村', '3月2日'),
('100107', '1001', '刘升', '男 ', '湖南', '男 ', '高中  ', '1991.7.8', '13787639853', '13554928527', '431103199107083317', '湖南省永州市竹山桥镇刘家村', '3月2日'),
('100108', '1001', '汤眺升', '男', '永州', '汉', '高中', '1990.11.26', '0746-8445067', '13410051457', '431103199011261318', '湖南省永州市冷水滩区通化街235号', '3月3日'),
('100109', '1001', '唐飞', '男', '湖南', '汉', '高中', '1989.1.17', '15958322593', '13510587541', '431103198901172435', '湖南省永州市冷水滩区上岭桥镇湾里村', '3月2日'),
('100110', '1001', '夏立波', '男', '湖南', '汉', '高中', '1989.12', '0737-7333901', NULL, '430923198912223216', '湖南省安化县羊角塘镇铁炉村尾山组', '3月2日'),
('100111', '1001', '杨勇辉', '男', '湖南', '汉', '高中', '1990.8.21', '13714236034', NULL, '4.31102199008217E+', '湖南省永州市零陵区水口山', '3月11日'),
('100112', '1001', '周小桃', '男 ', '湖南', '汉', '高中', '1989.1.4', '0746-5488099', '13178745889', '43112419890104817x', ' 湖南省永州市道县寿雁', '3月2日'),
('100113', '1001', '周玉军     ', '男 ', '湖南 ', '汉', '高中', '1989.10.17', '15897495617', '13691810615', '431103198910178759', '湖南省永州市冷水滩区杨村甸乡堆子头村', '3月3日'),
('100114', '1001', '魏双军', '男', '永州', '汉', '本科', '1985.12.12', '15874632049', '13590106246', '431103198512125715', '湖南省永州市冷水滩区黄阳司镇八亩丘村罗壳塘组', '3月3日'),
('100115', '1001', '阳飞华', '男', '湖南', '汉', '高中', '1992.10.5', '15967570147', '13537749082', '431103199210055111', '湖南永州冷水滩高溪市、', '3月1日'),
('100116', '1001', '李梦利 ', '男', '湖南', '汉', '高中', '89.11.18', NULL, '13974606614', '431103198911093319', '湖南省永州市冷水滩区竹山桥镇大塘村六组', '3月2日'),
('100117', '1001', '朱哲', '男', '湖南', '汉', '高中', '1993.3.21', '0736-2369278', '13077894641', '430772199303215891', '湖南省常德市汉寿县东岳庙乡燕窝村', '3月2日'),
('100118', '1001', '唐建南', '男', '永州', '汉', '本科', '1985.1.7', NULL, '13528845091', '431103198501075118', '湖南永州冷水滩菱角山二巷', '3月15日'),
('100119', '1001', '王博文', '男', '湖南', '汉', '高中', '1990.8.15', '13707460108', '15118072011', '43110319900815161X', '湖南永州冷水滩L零陵北路', '3月14日'),
('100120', '1001', '曾盼', '女', '湖南', '汉', '高中', '1991.12.18', '15919888278', '13534054451', '430525199112184525', '湖南省邵阳市洞口县', '3月10日'),
('100121', '1001', '伍元平', '男', '湖南', '汉', '高中', '1991-10-16', '0746-8211500', '0', '431103199110165110', '湖南省永州市冷水滩区珊瑚市场建材市场', '3月18日'),
('Lxit00', 'Lxit', '罗涛', '男', '湖南', '汉', '本科', '1980-12-23', '0755-2952282', '13823265866', '432902198112235737', '深圳宝安环观中路20号', '0'),
('090625', '0906', '唐黎', '男', '湖南永州', '汉', '高中', '0', '0', '0', '0', '0', '0'),
('Lxit02', 'lxit', '朱文胜', '男', '湖南', '汉', '本科', '0', '0755-2952282', '15994715028', '0', '深圳宝安观澜环观中路20号', '0'),
('Lxit03', 'lxit', '张有琳', '男', '甘肃', '汉', '本科', '0', '0755-2952282', '13723710515', '0', '深圳宝安观澜环观中路20号', '0'),
('Lxit05', 'lxit', '张新亮', '男', '海南', '汉', '本科', '0', '0755-2952282', '13544075494', '0', '深圳宝安观澜环观中路20号', '0'),
('Lxit06', 'lxit', '谢路炉', '男', '广东', '汉', '本科', '0', '0755-2952282', '13723550897', '0', '深圳宝安观澜环观中路20号', '0'),
('Lxit07', 'lxit', '蒋小英', '女', '湖南', '汉', '本科', '0', '0755-2952282', '15813815430', '0', '深圳宝安观澜环观中路20号', '0'),
('Lxit08', 'lxit', '聂俊中', '男', '河南', '汉', '本科', '0', '0755-2952282', '13689540034', '0', '深圳宝安观澜环观中路20号', '0'),
('Lxit09', 'lxit', '毛凌', '女', '湖南', '汉', '本科', '0', '0755-2952282', '13501588626', '0', '深圳宝安观澜环观中路20号', '0'),
('100122', '1001', '刘兰兰', '女', '湖南永州', '汉', '大专', '1990-4-7', '18707428376', '15111288608', '43110319900407512X', '湖南省永州市冷水滩区', '3-29'),
('100123', '1001', '王广', '男', '湖南衡阳', '汉', '中专', '0', '0', '0', '0', '湖南省衡阳市', '0'),
('lxit010', 'lxit', '庞胜材', '男', '广西', '汉', '本科', '1983-12-23', '0755-2952282', '13528820913', NULL, '广西', NULL),
('090101', '0901', '杨照', '男', '湖南长沙', '汉', '中专', '33572', '13480638784', NULL, '430124199111300812', '湖南省长沙市宁乡县龙田镇百花村', '39897'),
('lxit011', 'lxit', '张舰', '男', '黑龙江', '汉', '本科', '1981-5-30', '0755-2952282', '13691738350', NULL, '黑龙江', NULL),
('100201', '1002', '胡永国', '男', '湖南', '汉', '高中', '1990-7-2', '15917729568', '15915487619', '431124199007022113', '湖南省永州市道县清塘镇洪家村12组', '2010-5-5'),
('100202', '1002', '谢康健', '男', '湖南', '汉', '高中', '1991-3-21', '15274641261', '15994707754', '431103199103215757', '湖南省永州市冷水滩区黄阳司镇', '2010-4-21');

/*!40101 SET CHARACTER_SET_CLIENT=@OLD_CHARACTER_SET_CLIENT */;
/*!40101 SET CHARACTER_SET_RESULTS=@OLD_CHARACTER_SET_RESULTS */;
/*!40101 SET COLLATION_CONNECTION=@OLD_COLLATION_CONNECTION */;
